[{"_id":{"$oid":"63f2728e3fa54d9ce68c67b9"},"id":"VpAYh4llXK","name":"Spy x Family","anime":"Spy x Family","acceptedFor":"451619591320371213","sendedFor":"451619591320371213","type":"anime","imageUrl":"https://cdn.discordapp.com/attachments/1076890989395984454/1076942170596065371/VpAYh4llXK.png","__v":0},{"_id":{"$oid":"63f274793fa54d9ce68c681c"},"id":"OZ36w2Y1Pz","name":"Bond","anime":"Spy x Family","acceptedFor":"451619591320371213","sendedFor":"451619591320371213","type":"others","imageUrl":"https://cdn.discordapp.com/attachments/1076890989395984454/1076944230125154538/OZ36w2Y1Pz.png","__v":0},{"_id":{"$oid":"63f274883fa54d9ce68c6822"},"id":"8TQoeu3KTJ","name":"Yuri Briar","anime":"Spy x Family","acceptedFor":"451619591320371213","sendedFor":"451619591320371213","type":"male","imageUrl":"https://cdn.discordapp.com/attachments/1076890989395984454/1076944295904411740/8TQoeu3KTJ.png","__v":0},{"_id":{"$oid":"63f2748e3fa54d9ce68c6828"},"id":"9USZ24Wvyq","name":"Twilight (Loid Forger)","anime":"Spy x Family","acceptedFor":"451619591320371213","sendedFor":"451619591320371213","type":"male","imageUrl":"https://cdn.discordapp.com/attachments/1076890989395984454/1076944317177929798/9USZ24Wvyq.png","__v":0},{"_id":{"$oid":"63f2749c3fa54d9ce68c6836"},"id":"rya8zbkGXa","name":"Denovan Desmond","anime":"Spy x Family","acceptedFor":"451619591320371213","sendedFor":"451619591320371213","type":"male","imageUrl":"https://cdn.discordapp.com/attachments/1076890989395984454/1076944378704171138/rya8zbkGXa.png","__v":0},{"_id":{"$oid":"63f274a13fa54d9ce68c683d"},"id":"MSpOZ7hb0u","name":"Anya Forger","anime":"Spy x Family","acceptedFor":"451619591320371213","sendedFor":"451619591320371213","type":"female","imageUrl":"https://cdn.discordapp.com/attachments/1076890989395984454/1076944399738618016/MSpOZ7hb0u.png","__v":0},{"_id":{"$oid":"63f274a83fa54d9ce68c6843"},"id":"mo2mSWPnPD","name":"Thorn Princess (Yor Briar / Yor Forger)","anime":"Spy x Family","acceptedFor":"451619591320371213","sendedFor":"451619591320371213","type":"female","imageUrl":"https://cdn.discordapp.com/attachments/1076890989395984454/1076944426385035376/mo2mSWPnPD.png","__v":0},{"_id":{"$oid":"63f29252c47ab1fd7194dd1f"},"id":"J5NM5vtyZl","name":"Henry Henderson","anime":"Spy x Family","acceptedFor":"451619591320371213","sendedFor":"451619591320371213","type":"male","imageUrl":"https://cdn.discordapp.com/attachments/1076890989395984454/1076976280706220152/J5NM5vtyZl.png","__v":0},{"_id":{"$oid":"63f29257c47ab1fd7194dd26"},"id":"c0F5PFQWaH","name":"Becky Blackbell","anime":"Spy x Family","acceptedFor":"451619591320371213","sendedFor":"451619591320371213","type":"female","imageUrl":"https://cdn.discordapp.com/attachments/1076890989395984454/1076976300419465247/c0F5PFQWaH.png","__v":0},{"_id":{"$oid":"63f2925bc47ab1fd7194dd2c"},"id":"DH7GC32VnL","name":"Damian Desmond","anime":"Spy x Family","acceptedFor":"451619591320371213","sendedFor":"451619591320371213","type":"male","imageUrl":"https://cdn.discordapp.com/attachments/1076890989395984454/1076976316080988220/DH7GC32VnL.png","__v":0},{"_id":{"$oid":"63f2925ec47ab1fd7194dd33"},"id":"NHVZmT2vjm","name":"Nightfall (Fiona Frost)","anime":"Spy x Family","acceptedFor":"451619591320371213","sendedFor":"451619591320371213","type":"female","imageUrl":"https://cdn.discordapp.com/attachments/1076890989395984454/1076976330782027866/NHVZmT2vjm.png","__v":0},{"_id":{"$oid":"63f29262c47ab1fd7194dd39"},"id":"IbwSHKIySA","name":"Ewen Egeburg","anime":"Spy x Family","acceptedFor":"451619591320371213","sendedFor":"451619591320371213","type":"male","imageUrl":"https://cdn.discordapp.com/attachments/1076890989395984454/1076976344992317540/IbwSHKIySA.png","__v":0},{"_id":{"$oid":"63f29265c47ab1fd7194dd3f"},"id":"ao42QUw7Oo","name":"Franky Franklin","anime":"Spy x Family","acceptedFor":"451619591320371213","sendedFor":"451619591320371213","type":"male","imageUrl":"https://cdn.discordapp.com/attachments/1076890989395984454/1076976359865339934/ao42QUw7Oo.png","__v":0},{"_id":{"$oid":"63f29268c47ab1fd7194dd45"},"id":"zUCqjaujPx","name":"Emile Elman","anime":"Spy x Family","acceptedFor":"451619591320371213","sendedFor":"451619591320371213","type":"male","imageUrl":"https://cdn.discordapp.com/attachments/1076890989395984454/1076976373068996628/zUCqjaujPx.png","__v":0},{"_id":{"$oid":"63f297b8c47ab1fd7194de47"},"id":"Hk1moN8orn","name":"Naruto Uzumaki","anime":"Naruto Shippuden","acceptedFor":"451619591320371213","sendedFor":"451619591320371213","type":"male","imageUrl":"https://cdn.discordapp.com/attachments/1076890989395984454/1076982074675835000/Hk1moN8orn.gif","__v":0},{"_id":{"$oid":"63f2981ec47ab1fd7194de64"},"id":"NthKJyzB3K","name":"Sasuke Uchiha","anime":"Naruto Shippuden","acceptedFor":"451619591320371213","sendedFor":"451619591320371213","type":"male","imageUrl":"https://cdn.discordapp.com/attachments/1076890989395984454/1076982504470368308/NthKJyzB3K.gif","__v":0},{"_id":{"$oid":"63f2995fc47ab1fd7194dece"},"id":"CoBK6qxZRf","name":"Shikamaru Nara","anime":"Naruto Shippuden","acceptedFor":"451619591320371213","sendedFor":"451619591320371213","type":"male","imageUrl":"https://cdn.discordapp.com/attachments/1076890989395984454/1076983849222946956/CoBK6qxZRf.png","__v":0},{"_id":{"$oid":"63f29963c47ab1fd7194ded6"},"id":"zgMSb9b1R7","name":"Kakashi Hatake","anime":"Naruto Shippuden","acceptedFor":"451619591320371213","sendedFor":"451619591320371213","type":"male","imageUrl":"https://cdn.discordapp.com/attachments/1076890989395984454/1076983863970119710/zgMSb9b1R7.gif","__v":0},{"_id":{"$oid":"63f29966c47ab1fd7194dedc"},"id":"ML1oL1tvi9","name":"Sakura Haruno","anime":"Naruto Shippuden","acceptedFor":"451619591320371213","sendedFor":"451619591320371213","type":"female","imageUrl":"https://cdn.discordapp.com/attachments/1076890989395984454/1076983878834733166/ML1oL1tvi9.gif","__v":0},{"_id":{"$oid":"63f29969c47ab1fd7194dee2"},"id":"KNdxBBedTD","name":"Iruka","anime":"Naruto Shippuden","acceptedFor":"451619591320371213","sendedFor":"451619591320371213","type":"male","imageUrl":"https://cdn.discordapp.com/attachments/1076890989395984454/1076983892520730737/KNdxBBedTD.png","__v":0},{"_id":{"$oid":"63f2996dc47ab1fd7194deea"},"id":"tK928LKwrE","name":"Hinata Hyuga","anime":"Naruto Shippuden","acceptedFor":"451619591320371213","sendedFor":"451619591320371213","type":"female","imageUrl":"https://cdn.discordapp.com/attachments/1076890989395984454/1076983905393070201/tK928LKwrE.png","__v":0},{"_id":{"$oid":"63f29970c47ab1fd7194def0"},"id":"wVfkCFUOM6","name":"Hiruzen","anime":"Naruto Shippuden","acceptedFor":"451619591320371213","sendedFor":"451619591320371213","type":"male","imageUrl":"https://cdn.discordapp.com/attachments/1076890989395984454/1076983920257675264/wVfkCFUOM6.png","__v":0},{"_id":{"$oid":"63f29973c47ab1fd7194def6"},"id":"ZmXnZMpQ7K","name":"Konohamaru Sarutobi","anime":"Naruto Shippuden","acceptedFor":"451619591320371213","sendedFor":"451619591320371213","type":"male","imageUrl":"https://cdn.discordapp.com/attachments/1076890989395984454/1076983935063576586/ZmXnZMpQ7K.png","__v":0},{"_id":{"$oid":"63f29b0bc47ab1fd7194df97"},"id":"7WCxQxwgAd","name":"Gaara","anime":"Naruto Shippuden","acceptedFor":"451619591320371213","sendedFor":"451619591320371213","type":"male","imageUrl":"https://cdn.discordapp.com/attachments/1076890989395984454/1076985645261664337/7WCxQxwgAd.png","__v":0},{"_id":{"$oid":"63f29b0ec47ab1fd7194df9e"},"id":"Ijj8t8p3Ut","name":"Kurenai","anime":"Naruto Shippuden","acceptedFor":"451619591320371213","sendedFor":"451619591320371213","type":"female","imageUrl":"https://cdn.discordapp.com/attachments/1076890989395984454/1076985660172423188/Ijj8t8p3Ut.png","__v":0},{"_id":{"$oid":"63f29b12c47ab1fd7194dfa5"},"id":"nnv0mB9VLL","name":"Tsunade Senju","anime":"Naruto Shippuden","acceptedFor":"451619591320371213","sendedFor":"451619591320371213","type":"female","imageUrl":"https://cdn.discordapp.com/attachments/1076890989395984454/1076985674873446561/nnv0mB9VLL.png","__v":0},{"_id":{"$oid":"63f29b15c47ab1fd7194dfab"},"id":"tHFa88YZmw","name":"Might Guy","anime":"Naruto Shippuden","acceptedFor":"451619591320371213","sendedFor":"451619591320371213","type":"male","imageUrl":"https://cdn.discordapp.com/attachments/1076890989395984454/1076985688790159420/tHFa88YZmw.png","__v":0},{"_id":{"$oid":"63f29b19c47ab1fd7194dfb3"},"id":"PAhTJWc34O","name":"Chouji","anime":"Naruto Shippuden","acceptedFor":"451619591320371213","sendedFor":"451619591320371213","type":"male","imageUrl":"https://cdn.discordapp.com/attachments/1076890989395984454/1076985704384581713/PAhTJWc34O.png","__v":0},{"_id":{"$oid":"63f29b1dc47ab1fd7194dfb9"},"id":"K7I4KSktrP","name":"Rock Lee","anime":"Naruto Shippuden","acceptedFor":"451619591320371213","sendedFor":"451619591320371213","type":"male","imageUrl":"https://cdn.discordapp.com/attachments/1076890989395984454/1076985719161094177/K7I4KSktrP.png","__v":0},{"_id":{"$oid":"63f29b20c47ab1fd7194dfbf"},"id":"b9lYrUsUra","name":"Shino Aburame","anime":"Naruto Shippuden","acceptedFor":"451619591320371213","sendedFor":"451619591320371213","type":"male","imageUrl":"https://cdn.discordapp.com/attachments/1076890989395984454/1076985733358817370/b9lYrUsUra.png","__v":0},{"_id":{"$oid":"63f29b23c47ab1fd7194dfc7"},"id":"YVhfpA3UGa","name":"Orochimaru","anime":"Naruto Shippuden","acceptedFor":"451619591320371213","sendedFor":"451619591320371213","type":"male","imageUrl":"https://cdn.discordapp.com/attachments/1076890989395984454/1076985746751242352/YVhfpA3UGa.png","__v":0},{"_id":{"$oid":"63f29b27c47ab1fd7194dfce"},"id":"cO9CMSTYtU","name":"Sai","anime":"Naruto Shippuden","acceptedFor":"451619591320371213","sendedFor":"451619591320371213","type":"male","imageUrl":"https://cdn.discordapp.com/attachments/1076890989395984454/1076985764170170479/cO9CMSTYtU.png","__v":0},{"_id":{"$oid":"63f29b2ac47ab1fd7194dfd4"},"id":"nzOQ9d5d05","name":"Kabuto Yakushi","anime":"Naruto Shippuden","acceptedFor":"451619591320371213","sendedFor":"451619591320371213","type":"male","imageUrl":"https://cdn.discordapp.com/attachments/1076890989395984454/1076985777373851648/nzOQ9d5d05.png","__v":0},{"_id":{"$oid":"63f29b2ec47ab1fd7194dfda"},"id":"yz4bJeDA4L","name":"Asuma Sarutobi","anime":"Naruto Shippuden","acceptedFor":"451619591320371213","sendedFor":"451619591320371213","type":"male","imageUrl":"https://cdn.discordapp.com/attachments/1076890989395984454/1076985790330056754/yz4bJeDA4L.png","__v":0},{"_id":{"$oid":"63f29b31c47ab1fd7194dfe1"},"id":"r2tkAoEM4h","name":"Ino","anime":"Naruto Shippuden","acceptedFor":"451619591320371213","sendedFor":"451619591320371213","type":"female","imageUrl":"https://cdn.discordapp.com/attachments/1076890989395984454/1076985805593124975/r2tkAoEM4h.png","__v":0},{"_id":{"$oid":"63f29b35c47ab1fd7194dfed"},"id":"VMLYLAkLC3","name":"Jiraiya","anime":"Naruto Shippuden","acceptedFor":"451619591320371213","sendedFor":"451619591320371213","type":"male","imageUrl":"https://cdn.discordapp.com/attachments/1076890989395984454/1076985820411592764/VMLYLAkLC3.png","__v":0},{"_id":{"$oid":"63f29b38c47ab1fd7194dff4"},"id":"xD2Tfg42ry","name":"Neji Hyuga","anime":"Naruto Shippuden","acceptedFor":"451619591320371213","sendedFor":"451619591320371213","type":"male","imageUrl":"https://cdn.discordapp.com/attachments/1076890989395984454/1076985833887895642/xD2Tfg42ry.png","__v":0},{"_id":{"$oid":"63f29b3bc47ab1fd7194dffb"},"id":"AEtIwhMkCi","name":"Kiba Inazuka","anime":"Naruto Shippuden","acceptedFor":"451619591320371213","sendedFor":"451619591320371213","type":"male","imageUrl":"https://cdn.discordapp.com/attachments/1076890989395984454/1076985847209005197/AEtIwhMkCi.png","__v":0},{"_id":{"$oid":"63f29b3ec47ab1fd7194e003"},"id":"MpHdncUgqT","name":"Tenten","anime":"Naruto Shippuden","acceptedFor":"451619591320371213","sendedFor":"451619591320371213","type":"female","imageUrl":"https://cdn.discordapp.com/attachments/1076890989395984454/1076985859942920414/MpHdncUgqT.png","__v":0},{"_id":{"$oid":"63f2a051c47ab1fd7194e1bd"},"id":"LJMF29mo3b","name":"Yamato","anime":"Naruto Shippuden","acceptedFor":"451619591320371213","sendedFor":"451619591320371213","type":"male","imageUrl":"https://cdn.discordapp.com/attachments/1076890989395984454/1076991308352208967/LJMF29mo3b.png","__v":0},{"_id":{"$oid":"63f2a054c47ab1fd7194e1c3"},"id":"wDiqLCEVTt","name":"Hanzo","anime":"Naruto Shippuden","acceptedFor":"451619591320371213","sendedFor":"451619591320371213","type":"male","imageUrl":"https://cdn.discordapp.com/attachments/1076890989395984454/1076991321589416087/wDiqLCEVTt.png","__v":0},{"_id":{"$oid":"63f2a058c47ab1fd7194e1cb"},"id":"DBnv8AzcUK","name":"Tobirama Senju","anime":"Naruto Shippuden","acceptedFor":"451619591320371213","sendedFor":"451619591320371213","type":"male","imageUrl":"https://cdn.discordapp.com/attachments/1076890989395984454/1076991337401958550/DBnv8AzcUK.png","__v":0},{"_id":{"$oid":"63f2a05bc47ab1fd7194e1d4"},"id":"nnkN4DQUcU","name":"Haku","anime":"Naruto Shippuden","acceptedFor":"451619591320371213","sendedFor":"451619591320371213","type":"male","imageUrl":"https://cdn.discordapp.com/attachments/1076890989395984454/1076991350412673144/nnkN4DQUcU.png","__v":0},{"_id":{"$oid":"63f2a05ec47ab1fd7194e1e0"},"id":"PxDX7WNxgv","name":"Nagato","anime":"Naruto Shippuden","acceptedFor":"451619591320371213","sendedFor":"451619591320371213","type":"male","imageUrl":"https://cdn.discordapp.com/attachments/1076890989395984454/1076991363452776558/PxDX7WNxgv.png","__v":0},{"_id":{"$oid":"63f2a062c47ab1fd7194e1e6"},"id":"pJjEvTNWm4","name":"Kankuro","anime":"Naruto Shippuden","acceptedFor":"451619591320371213","sendedFor":"451619591320371213","type":"male","imageUrl":"https://cdn.discordapp.com/attachments/1076890989395984454/1076991377797304400/pJjEvTNWm4.png","__v":0},{"_id":{"$oid":"63f2a065c47ab1fd7194e1ec"},"id":"OqjZctdDTq","name":"Anko Mitarashi","anime":"Naruto Shippuden","acceptedFor":"451619591320371213","sendedFor":"451619591320371213","type":"female","imageUrl":"https://cdn.discordapp.com/attachments/1076890989395984454/1076991390342455397/OqjZctdDTq.png","__v":0},{"_id":{"$oid":"63f2a069c47ab1fd7194e1f2"},"id":"JVRAhnv7m9","name":"Yahiko","anime":"Naruto Shippuden","acceptedFor":"451619591320371213","sendedFor":"451619591320371213","type":"male","imageUrl":"https://cdn.discordapp.com/attachments/1076890989395984454/1076991408638005449/JVRAhnv7m9.png","__v":0},{"_id":{"$oid":"63f2a06cc47ab1fd7194e1f8"},"id":"qwU9FHGddU","name":"Gengetsu Hozuki","anime":"Naruto Shippuden","acceptedFor":"451619591320371213","sendedFor":"451619591320371213","type":"male","imageUrl":"https://cdn.discordapp.com/attachments/1076890989395984454/1076991421824905357/qwU9FHGddU.png","__v":0},{"_id":{"$oid":"63f2a06fc47ab1fd7194e1ff"},"id":"5HqsQsI9ce","name":"Zabuza Momochi","anime":"Naruto Shippuden","acceptedFor":"451619591320371213","sendedFor":"451619591320371213","type":"male","imageUrl":"https://cdn.discordapp.com/attachments/1076890989395984454/1076991435011792936/5HqsQsI9ce.png","__v":0},{"_id":{"$oid":"63f2a072c47ab1fd7194e206"},"id":"mwLNUUF1rp","name":"Naruto","anime":"Naruto","acceptedFor":"451619591320371213","sendedFor":"451619591320371213","type":"anime","imageUrl":"https://cdn.discordapp.com/attachments/1076890989395984454/1076991447804432394/mwLNUUF1rp.png","__v":0},{"_id":{"$oid":"63f2a076c47ab1fd7194e20c"},"id":"zT8Ur7wWf0","name":"Ao","anime":"Naruto Shippuden","acceptedFor":"451619591320371213","sendedFor":"451619591320371213","type":"male","imageUrl":"https://cdn.discordapp.com/attachments/1076890989395984454/1076991461515608194/zT8Ur7wWf0.png","__v":0},{"_id":{"$oid":"63f2a079c47ab1fd7194e212"},"id":"YxcDkmiwn9","name":"Madara Uchiha","anime":"Naruto Shippuden","acceptedFor":"451619591320371213","sendedFor":"451619591320371213","type":"male","imageUrl":"https://cdn.discordapp.com/attachments/1076890989395984454/1076991474815729704/YxcDkmiwn9.png","__v":0},{"_id":{"$oid":"63f2a085c47ab1fd7194e218"},"id":"JwApGKM50L","name":"Obito Uchiha","anime":"Naruto Shippuden","acceptedFor":"451619591320371213","sendedFor":"451619591320371213","type":"male","imageUrl":"https://cdn.discordapp.com/attachments/1076890989395984454/1076991527106138215/JwApGKM50L.png","__v":0},{"_id":{"$oid":"63f2a089c47ab1fd7194e220"},"id":"cOk0JypJ6U","name":"Minato Namikaze","anime":"Naruto Shippuden","acceptedFor":"451619591320371213","sendedFor":"451619591320371213","type":"male","imageUrl":"https://cdn.discordapp.com/attachments/1076890989395984454/1076991543392620634/cOk0JypJ6U.png","__v":0},{"_id":{"$oid":"63f2a08cc47ab1fd7194e226"},"id":"IjH66Rtfl5","name":"Pain","anime":"Naruto Shippuden","acceptedFor":"451619591320371213","sendedFor":"451619591320371213","type":"male","imageUrl":"https://cdn.discordapp.com/attachments/1076890989395984454/1076991557032493086/IjH66Rtfl5.png","__v":0},{"_id":{"$oid":"63f2a090c47ab1fd7194e22c"},"id":"HkQPX2HszN","name":"Rin Nohara","anime":"Naruto Shippuden","acceptedFor":"451619591320371213","sendedFor":"451619591320371213","type":"female","imageUrl":"https://cdn.discordapp.com/attachments/1076890989395984454/1076991570793988106/HkQPX2HszN.png","__v":0},{"_id":{"$oid":"63f2a094c47ab1fd7194e233"},"id":"W814xsNv7W","name":"Kakuzu","anime":"Naruto Shippuden","acceptedFor":"451619591320371213","sendedFor":"451619591320371213","type":"male","imageUrl":"https://cdn.discordapp.com/attachments/1076890989395984454/1076991587818680360/W814xsNv7W.png","__v":0},{"_id":{"$oid":"63f2a097c47ab1fd7194e239"},"id":"RVVFU5xyHf","name":"Shisui Uchiha","anime":"Naruto Shippuden","acceptedFor":"451619591320371213","sendedFor":"451619591320371213","type":"male","imageUrl":"https://cdn.discordapp.com/attachments/1076890989395984454/1076991600070242334/RVVFU5xyHf.png","__v":0},{"_id":{"$oid":"63f2a09ac47ab1fd7194e248"},"id":"cDJDh1tGkw","name":"Chojuro","anime":"Naruto Shippuden","acceptedFor":"451619591320371213","sendedFor":"451619591320371213","type":"male","imageUrl":"https://cdn.discordapp.com/attachments/1076890989395984454/1076991613194219590/cDJDh1tGkw.png","__v":0},{"_id":{"$oid":"63f2a09dc47ab1fd7194e251"},"id":"jD3XESlPQS","name":"Danzou Shimura","anime":"Naruto Shippuden","acceptedFor":"451619591320371213","sendedFor":"451619591320371213","type":"male","imageUrl":"https://cdn.discordapp.com/attachments/1076890989395984454/1076991626473373736/jD3XESlPQS.png","__v":0},{"_id":{"$oid":"63f2a0a0c47ab1fd7194e258"},"id":"84ykNWee83","name":"Karin Uzumaki","anime":"Naruto Shippuden","acceptedFor":"451619591320371213","sendedFor":"451619591320371213","type":"female","imageUrl":"https://cdn.discordapp.com/attachments/1076890989395984454/1076991640973090937/84ykNWee83.png","__v":0},{"_id":{"$oid":"63f2a0a4c47ab1fd7194e25e"},"id":"3EuR1iy8Qk","name":"Kaguya Otsutsuki","anime":"Naruto Shippuden","acceptedFor":"451619591320371213","sendedFor":"451619591320371213","type":"female","imageUrl":"https://cdn.discordapp.com/attachments/1076890989395984454/1076991655447638026/3EuR1iy8Qk.png","__v":0},{"_id":{"$oid":"63f2a0a7c47ab1fd7194e269"},"id":"vAydPNMLIq","name":"Muu","anime":"Naruto Shippuden","acceptedFor":"451619591320371213","sendedFor":"451619591320371213","type":"male","imageUrl":"https://cdn.discordapp.com/attachments/1076890989395984454/1076991667955044463/vAydPNMLIq.png","__v":0},{"_id":{"$oid":"63f2a0aac47ab1fd7194e272"},"id":"C0VqEwNQsN","name":"Hagoromo Otsutsuki","anime":"Naruto Shippuden","acceptedFor":"451619591320371213","sendedFor":"451619591320371213","type":"male","imageUrl":"https://cdn.discordapp.com/attachments/1076890989395984454/1076991679644565534/C0VqEwNQsN.png","__v":0},{"_id":{"$oid":"63f2a0d9c47ab1fd7194e287"},"id":"Q1CMlQiBen","name":"Killer Bee","anime":"Naruto Shippuden","acceptedFor":"451619591320371213","sendedFor":"451619591320371213","type":"male","imageUrl":"https://cdn.discordapp.com/attachments/1076890989395984454/1076991878207123610/Q1CMlQiBen.png","__v":0},{"_id":{"$oid":"63f2a0f0c47ab1fd7194e29c"},"id":"MmWSI6pss2","name":"Suigetsu Hozuki","anime":"Naruto Shippuden","acceptedFor":"451619591320371213","sendedFor":"451619591320371213","type":"male","imageUrl":"https://cdn.discordapp.com/attachments/1076890989395984454/1076991976567742514/MmWSI6pss2.png","__v":0},{"_id":{"$oid":"63f2a0f5c47ab1fd7194e2a7"},"id":"1OmaxQcPKk","name":"Darui","anime":"Naruto Shippuden","acceptedFor":"451619591320371213","sendedFor":"451619591320371213","type":"male","imageUrl":"https://cdn.discordapp.com/attachments/1076890989395984454/1076991996901728296/1OmaxQcPKk.png","__v":0},{"_id":{"$oid":"63f2a0fac47ab1fd7194e2ad"},"id":"dnlUIiKuRN","name":"Chiyo","anime":"Naruto Shippuden","acceptedFor":"451619591320371213","sendedFor":"451619591320371213","type":"female","imageUrl":"https://cdn.discordapp.com/attachments/1076890989395984454/1076992017701281894/dnlUIiKuRN.png","__v":0},{"_id":{"$oid":"63f2a0ffc47ab1fd7194e2b3"},"id":"pdkkpKT1fv","name":"Kisame Hoshigaki","anime":"Naruto Shippuden","acceptedFor":"451619591320371213","sendedFor":"451619591320371213","type":"male","imageUrl":"https://cdn.discordapp.com/attachments/1076890989395984454/1076992036391092274/pdkkpKT1fv.png","__v":0},{"_id":{"$oid":"63f2a103c47ab1fd7194e2ba"},"id":"ZrBbKtEwvU","name":"Shizune","anime":"Naruto Shippuden","acceptedFor":"451619591320371213","sendedFor":"451619591320371213","type":"female","imageUrl":"https://cdn.discordapp.com/attachments/1076890989395984454/1076992052891492372/ZrBbKtEwvU.png","__v":0},{"_id":{"$oid":"63f2a106c47ab1fd7194e2c1"},"id":"ZCHErGLsjZ","name":"A","anime":"Naruto Shippuden","acceptedFor":"451619591320371213","sendedFor":"451619591320371213","type":"male","imageUrl":"https://cdn.discordapp.com/attachments/1076890989395984454/1076992066069987329/ZCHErGLsjZ.png","__v":0},{"_id":{"$oid":"63f2a109c47ab1fd7194e2c7"},"id":"WzfqeOmklJ","name":"Hidan","anime":"Naruto Shippuden","acceptedFor":"451619591320371213","sendedFor":"451619591320371213","type":"male","imageUrl":"https://cdn.discordapp.com/attachments/1076890989395984454/1076992080183820318/WzfqeOmklJ.png","__v":0},{"_id":{"$oid":"63f2a10dc47ab1fd7194e2cd"},"id":"P2JZFBuSJL","name":"Konan","anime":"Naruto Shippuden","acceptedFor":"451619591320371213","sendedFor":"451619591320371213","type":"female","imageUrl":"https://cdn.discordapp.com/attachments/1076890989395984454/1076992094910029945/P2JZFBuSJL.png","__v":0},{"_id":{"$oid":"63f2a110c47ab1fd7194e2da"},"id":"J09UiIRNZP","name":"Zetsu Negro","anime":"Naruto Shippuden","acceptedFor":"451619591320371213","sendedFor":"451619591320371213","type":"male","imageUrl":"https://cdn.discordapp.com/attachments/1076890989395984454/1076992110949056643/J09UiIRNZP.png","__v":0},{"_id":{"$oid":"63f2a115c47ab1fd7194e2e0"},"id":"ACi9r2zEzT","name":"Ohnoki","anime":"Naruto Shippuden","acceptedFor":"451619591320371213","sendedFor":"451619591320371213","type":"male","imageUrl":"https://cdn.discordapp.com/attachments/1076890989395984454/1076992129450123345/ACi9r2zEzT.png","__v":0},{"_id":{"$oid":"63f2a126c47ab1fd7194e2ee"},"id":"Dib0XyMSEe","name":"Kushina Uzumaki","anime":"Naruto Shippuden","acceptedFor":"451619591320371213","sendedFor":"451619591320371213","type":"female","imageUrl":"https://cdn.discordapp.com/attachments/1076890989395984454/1076992202250649620/Dib0XyMSEe.png","__v":0},{"_id":{"$oid":"63f2a12ac47ab1fd7194e2f4"},"id":"u4OrejjmuD","name":"Temari","anime":"Naruto Clássico","acceptedFor":"451619591320371213","sendedFor":"451619591320371213","type":"female","imageUrl":"https://cdn.discordapp.com/attachments/1076890989395984454/1076992218713305229/u4OrejjmuD.png","__v":0},{"_id":{"$oid":"63f2a12dc47ab1fd7194e2fb"},"id":"1QCNcrPKRh","name":"Mei Terumi","anime":"Naruto Shippuden","acceptedFor":"451619591320371213","sendedFor":"451619591320371213","type":"female","imageUrl":"https://cdn.discordapp.com/attachments/1076890989395984454/1076992232202190868/1QCNcrPKRh.png","__v":0},{"_id":{"$oid":"63f2a131c47ab1fd7194e301"},"id":"OPSQIKLdCE","name":"Jugo","anime":"Naruto Shippuden","acceptedFor":"451619591320371213","sendedFor":"451619591320371213","type":"male","imageUrl":"https://cdn.discordapp.com/attachments/1076890989395984454/1076992245309374545/OPSQIKLdCE.png","__v":0},{"_id":{"$oid":"63f2a134c47ab1fd7194e307"},"id":"dx0SKxtc4H","name":"Deidara","anime":"Naruto Shippuden","acceptedFor":"451619591320371213","sendedFor":"451619591320371213","type":"male","imageUrl":"https://cdn.discordapp.com/attachments/1076890989395984454/1076992261277102191/dx0SKxtc4H.png","__v":0},{"_id":{"$oid":"63f2a143c47ab1fd7194e315"},"id":"MOAQRxR0v9","name":"Rasa","anime":"Naruto Shippuden","acceptedFor":"451619591320371213","sendedFor":"451619591320371213","type":"male","imageUrl":"https://cdn.discordapp.com/attachments/1076890989395984454/1076992323394732112/MOAQRxR0v9.png","__v":0},{"_id":{"$oid":"63f2a17ec47ab1fd7194e326"},"id":"muhT39dXLJ","name":"Kurama","anime":"Naruto Shippuden","acceptedFor":"451619591320371213","sendedFor":"451619591320371213","type":"others","imageUrl":"https://cdn.discordapp.com/attachments/1076890989395984454/1076992571211002036/muhT39dXLJ.gif","__v":0},{"_id":{"$oid":"63f2a182c47ab1fd7194e32c"},"id":"z2TWyFmJoG","name":"Zetsu","anime":"Naruto Shippuden","acceptedFor":"451619591320371213","sendedFor":"451619591320371213","type":"others","imageUrl":"https://cdn.discordapp.com/attachments/1076890989395984454/1076992585786208338/z2TWyFmJoG.png","__v":0},{"_id":{"$oid":"63f2a185c47ab1fd7194e332"},"id":"x9UmmHhHsI","name":"Sasori","anime":"Naruto Shippuden","acceptedFor":"451619591320371213","sendedFor":"451619591320371213","type":"male","imageUrl":"https://cdn.discordapp.com/attachments/1076890989395984454/1076992600508223488/x9UmmHhHsI.png","__v":0},{"_id":{"$oid":"63f2a189c47ab1fd7194e33f"},"id":"Q0JaX516Cu","name":"Itachi Uchiha","anime":"Naruto Shippuden","acceptedFor":"451619591320371213","sendedFor":"451619591320371213","type":"male","imageUrl":"https://cdn.discordapp.com/attachments/1076890989395984454/1076992615934861333/Q0JaX516Cu.gif","__v":0},{"_id":{"$oid":"63f2a18dc47ab1fd7194e346"},"id":"6HWvUHytDH","name":"Hashirama Senju","anime":"Naruto Shippuden","acceptedFor":"451619591320371213","sendedFor":"451619591320371213","type":"male","imageUrl":"https://cdn.discordapp.com/attachments/1076890989395984454/1076992631550267522/6HWvUHytDH.png","__v":0},{"_id":{"$oid":"63f2a190c47ab1fd7194e34c"},"id":"g2Gv2TN9ff","name":"Kurotsuchi","anime":"Naruto Shippuden","acceptedFor":"451619591320371213","sendedFor":"451619591320371213","type":"male","imageUrl":"https://cdn.discordapp.com/attachments/1076890989395984454/1076992644955242536/g2Gv2TN9ff.png","__v":0},{"_id":{"$oid":"63f2a2d3c47ab1fd7194e3bb"},"id":"XKrvPpApl4","name":"Mahito","anime":"Jujutsu Kaisen","acceptedFor":"451619591320371213","sendedFor":"451619591320371213","type":"others","imageUrl":"https://cdn.discordapp.com/attachments/1076890989395984454/1076994000835321986/XKrvPpApl4.png","__v":0},{"_id":{"$oid":"63f2a2d7c47ab1fd7194e3c1"},"id":"2zM8eLmwv3","name":"Kento Nanami","anime":"Jujutsu Kaisen","acceptedFor":"451619591320371213","sendedFor":"451619591320371213","type":"male","imageUrl":"https://cdn.discordapp.com/attachments/1076890989395984454/1076994016677212281/2zM8eLmwv3.png","__v":0},{"_id":{"$oid":"63f2a2dac47ab1fd7194e3c7"},"id":"evkhhGv9WQ","name":"Aoi Todo","anime":"Jujutsu Kaisen","acceptedFor":"451619591320371213","sendedFor":"451619591320371213","type":"male","imageUrl":"https://cdn.discordapp.com/attachments/1076890989395984454/1076994031004942357/evkhhGv9WQ.png","__v":0},{"_id":{"$oid":"63f2a2ddc47ab1fd7194e3cd"},"id":"VgSrLRZE19","name":"Satoru Gojo","anime":"Jujutsu Kaisen","acceptedFor":"451619591320371213","sendedFor":"451619591320371213","type":"male","imageUrl":"https://cdn.discordapp.com/attachments/1076890989395984454/1076994044057624717/VgSrLRZE19.png","__v":0},{"_id":{"$oid":"63f2a2e1c47ab1fd7194e3d3"},"id":"oaL4F8iVN5","name":"Yuji Itadori","anime":"Jujutsu Kaisen","acceptedFor":"451619591320371213","sendedFor":"451619591320371213","type":"male","imageUrl":"https://cdn.discordapp.com/attachments/1076890989395984454/1076994057903018175/oaL4F8iVN5.png","__v":0},{"_id":{"$oid":"63f2a2e4c47ab1fd7194e3d9"},"id":"Ni4Q1ppL0F","name":"Hanami","anime":"Jujutsu Kaisen","acceptedFor":"451619591320371213","sendedFor":"451619591320371213","type":"others","imageUrl":"https://cdn.discordapp.com/attachments/1076890989395984454/1076994070733393970/Ni4Q1ppL0F.png","__v":0},{"_id":{"$oid":"63f2a2e7c47ab1fd7194e3df"},"id":"sxwVadKMbG","name":"Mai Zenin","anime":"Jujutsu Kaisen","acceptedFor":"451619591320371213","sendedFor":"451619591320371213","type":"female","imageUrl":"https://cdn.discordapp.com/attachments/1076890989395984454/1076994083488272464/sxwVadKMbG.png","__v":0},{"_id":{"$oid":"63f2a2eac47ab1fd7194e418"},"id":"TBrlvVz4t9","name":"Junpei Yoshino","anime":"Jujutsu Kaisen","acceptedFor":"451619591320371213","sendedFor":"451619591320371213","type":"male","imageUrl":"https://cdn.discordapp.com/attachments/1076890989395984454/1076994096440295484/TBrlvVz4t9.png","__v":0},{"_id":{"$oid":"63f2a2edc47ab1fd7194e41e"},"id":"3ToLl4Yqdq","name":"Panda","anime":"Jujutsu Kaisen","acceptedFor":"451619591320371213","sendedFor":"451619591320371213","type":"others","imageUrl":"https://cdn.discordapp.com/attachments/1076890989395984454/1076994108859625522/3ToLl4Yqdq.png","__v":0},{"_id":{"$oid":"63f2a2f0c47ab1fd7194e42b"},"id":"mo6dCyBdT8","name":"Toge Inumaki","anime":"Jujutsu Kaisen","acceptedFor":"451619591320371213","sendedFor":"451619591320371213","type":"male","imageUrl":"https://cdn.discordapp.com/attachments/1076890989395984454/1076994124340797480/mo6dCyBdT8.png","__v":0},{"_id":{"$oid":"63f2a2f4c47ab1fd7194e431"},"id":"4tqj5u8PQk","name":"Maki Zenin","anime":"Jujutsu Kaisen","acceptedFor":"451619591320371213","sendedFor":"451619591320371213","type":"female","imageUrl":"https://cdn.discordapp.com/attachments/1076890989395984454/1076994137351520326/4tqj5u8PQk.png","__v":0},{"_id":{"$oid":"63f2a2f7c47ab1fd7194e437"},"id":"1iI1XSMVeL","name":"Suguru Geto","anime":"Jujutsu Kaisen","acceptedFor":"451619591320371213","sendedFor":"451619591320371213","type":"male","imageUrl":"https://cdn.discordapp.com/attachments/1076890989395984454/1076994150551015597/1iI1XSMVeL.png","__v":0},{"_id":{"$oid":"63f2a2fac47ab1fd7194e43d"},"id":"SDcWefQIJZ","name":"Nobara Kugisaki","anime":"Jujutsu Kaisen","acceptedFor":"451619591320371213","sendedFor":"451619591320371213","type":"female","imageUrl":"https://cdn.discordapp.com/attachments/1076890989395984454/1076994164111200307/SDcWefQIJZ.png","__v":0},{"_id":{"$oid":"63f2a2fdc47ab1fd7194e443"},"id":"fKUDykaOsG","name":"Ryomen Sukuna","anime":"Jujutsu Kaisen","acceptedFor":"451619591320371213","sendedFor":"451619591320371213","type":"others","imageUrl":"https://cdn.discordapp.com/attachments/1076890989395984454/1076994178011119636/fKUDykaOsG.png","__v":0},{"_id":{"$oid":"63f2a301c47ab1fd7194e449"},"id":"59ScIONwMg","name":"Megumi Fushiguro","anime":"Jujutsu Kaisen","acceptedFor":"451619591320371213","sendedFor":"451619591320371213","type":"male","imageUrl":"https://cdn.discordapp.com/attachments/1076890989395984454/1076994192775073803/59ScIONwMg.png","__v":0},{"_id":{"$oid":"63f2a304c47ab1fd7194e44f"},"id":"4STuQBdWtF","name":"Jogo","anime":"Jujutsu Kaisen","acceptedFor":"451619591320371213","sendedFor":"451619591320371213","type":"others","imageUrl":"https://cdn.discordapp.com/attachments/1076890989395984454/1076994205035012236/4STuQBdWtF.png","__v":0},{"_id":{"$oid":"63f2a307c47ab1fd7194e455"},"id":"2EG6Urkzdg","name":"Yuta Okkotsu","anime":"Jujutsu Kaisen","acceptedFor":"451619591320371213","sendedFor":"451619591320371213","type":"male","imageUrl":"https://cdn.discordapp.com/attachments/1076890989395984454/1076994217966059540/2EG6Urkzdg.png","__v":0},{"_id":{"$oid":"63f2a592c47ab1fd7194e580"},"id":"dDhDdR62O1","name":"Riko Suminoe","anime":"Kiss x Sis","acceptedFor":"451619591320371213","sendedFor":"781137239194468403","type":"female","imageUrl":"https://cdn.discordapp.com/attachments/1076890989395984454/1076996947551985825/dDhDdR62O1.png","__v":0},{"_id":{"$oid":"63f2a593c47ab1fd7194e584"},"id":"dDhDdR62O1","name":"Riko Suminoe","anime":"Kiss x Sis","acceptedFor":"451619591320371213","sendedFor":"781137239194468403","type":"female","imageUrl":"https://cdn.discordapp.com/attachments/1076890989395984454/1076996949846270082/dDhDdR62O1.png","__v":0},{"_id":{"$oid":"63f2a597c47ab1fd7194e58c"},"id":"hQmO38Lp7I","name":"Ako Suminoe","anime":"Kiss x Sis","acceptedFor":"451619591320371213","sendedFor":"781137239194468403","type":"female","imageUrl":"https://cdn.discordapp.com/attachments/1076890989395984454/1076996971656654919/hQmO38Lp7I.png","__v":0},{"_id":{"$oid":"63fcb7d056020a490366314f"},"id":"wvTjRK1KPL","name":"Boku no Hero Academia","anime":"Boku no Hero Academia","acceptedFor":"451619591320371213","sendedFor":"327496267007787008","type":"anime","imageUrl":"https://cdn.discordapp.com/attachments/1076890989395984454/1079765314641858671/wvTjRK1KPL.jpeg","__v":0},{"_id":{"$oid":"63fcb7d656020a4903663155"},"id":"1uLzgaTSNk","name":"Present Mic","anime":"Boku no Hero Academia","acceptedFor":"451619591320371213","sendedFor":"327496267007787008","type":"male","imageUrl":"https://cdn.discordapp.com/attachments/1076890989395984454/1079765340545896628/1uLzgaTSNk.jpeg","__v":0},{"_id":{"$oid":"63fcb7db56020a490366315b"},"id":"PcYANKLORL","name":"All Might","anime":"Boku no Hero Academia","acceptedFor":"451619591320371213","sendedFor":"327496267007787008","type":"male","imageUrl":"https://cdn.discordapp.com/attachments/1076890989395984454/1079765361932652615/PcYANKLORL.jpeg","__v":0},{"_id":{"$oid":"63fcb7df56020a4903663161"},"id":"R9OSXyapKp","name":"Shota Aizawa","anime":"Boku no Hero Academia","acceptedFor":"451619591320371213","sendedFor":"327496267007787008","type":"male","imageUrl":"https://cdn.discordapp.com/attachments/1076890989395984454/1079765378642747463/R9OSXyapKp.jpeg","__v":0},{"_id":{"$oid":"63fcb7e456020a4903663168"},"id":"RBLGWhbhOo","name":"Emi Fukukado (Ms. Joke)","anime":"Boku no Hero Academia","acceptedFor":"451619591320371213","sendedFor":"327496267007787008","type":"female","imageUrl":"https://cdn.discordapp.com/attachments/1076890989395984454/1079765400088223764/RBLGWhbhOo.gif","__v":0},{"_id":{"$oid":"63fd390956020a4903664737"},"id":"rJe3h10yvq","name":"Hound Dog","anime":"Boku no Hero Academia","acceptedFor":"451619591320371213","sendedFor":"327496267007787008","type":"male","imageUrl":"https://cdn.discordapp.com/attachments/1076890989395984454/1079904065535881267/rJe3h10yvq.png","__v":0},{"_id":{"$oid":"63fd391056020a490366473e"},"id":"XfrahjRx4o","name":"Vlad King","anime":"Boku no Hero Academia","acceptedFor":"451619591320371213","sendedFor":"327496267007787008","type":"male","imageUrl":"https://cdn.discordapp.com/attachments/1076890989395984454/1079904095223160913/XfrahjRx4o.png","__v":0},{"_id":{"$oid":"63fd391856020a4903664744"},"id":"GuED4OEQjc","name":"Cementoss","anime":"Boku no Hero Academia","acceptedFor":"451619591320371213","sendedFor":"327496267007787008","type":"male","imageUrl":"https://cdn.discordapp.com/attachments/1076890989395984454/1079904131361284146/GuED4OEQjc.png","__v":0},{"_id":{"$oid":"63fd391f56020a490366474b"},"id":"MDfLarWbR6","name":"Gran Torino","anime":"Boku no Hero Academia","acceptedFor":"451619591320371213","sendedFor":"327496267007787008","type":"male","imageUrl":"https://cdn.discordapp.com/attachments/1076890989395984454/1079904159937081404/MDfLarWbR6.png","__v":0},{"_id":{"$oid":"63fd392556020a4903664754"},"id":"rFMEgI554j","name":"Recovery Girl","anime":"Boku no Hero Academia","acceptedFor":"451619591320371213","sendedFor":"327496267007787008","type":"female","imageUrl":"https://cdn.discordapp.com/attachments/1076890989395984454/1079904187036487740/rFMEgI554j.png","__v":0},{"_id":{"$oid":"63fd392b56020a490366475c"},"id":"Ltgxj1zRez","name":"Ectoplasm","anime":"Boku no Hero Academia","acceptedFor":"451619591320371213","sendedFor":"327496267007787008","type":"male","imageUrl":"https://cdn.discordapp.com/attachments/1076890989395984454/1079904210688167956/Ltgxj1zRez.png","__v":0},{"_id":{"$oid":"63fd393556020a4903664762"},"id":"O6ToYxl1nr","name":"Treze (No. 13)","anime":"Boku no Hero Academia","acceptedFor":"451619591320371213","sendedFor":"327496267007787008","type":"female","imageUrl":"https://cdn.discordapp.com/attachments/1076890989395984454/1079904249904902334/O6ToYxl1nr.gif","__v":0},{"_id":{"$oid":"63fd393956020a490366476a"},"id":"MWPZ0EFya3","name":"Nezu","anime":"Boku no Hero Academia","acceptedFor":"451619591320371213","sendedFor":"327496267007787008","type":"others","imageUrl":"https://cdn.discordapp.com/attachments/1076890989395984454/1079904266904424608/MWPZ0EFya3.png","__v":0},{"_id":{"$oid":"63fd393f56020a4903664770"},"id":"lcztUyMBKn","name":"Midnight","anime":"Boku no Hero Academia","acceptedFor":"451619591320371213","sendedFor":"327496267007787008","type":"female","imageUrl":"https://cdn.discordapp.com/attachments/1076890989395984454/1079904293173334016/lcztUyMBKn.png","__v":0},{"_id":{"$oid":"63fd397f56020a4903664786"},"id":"SJc2F8CR6b","name":"Snipe","anime":"Boku no Hero Academia","acceptedFor":"451619591320371213","sendedFor":"327496267007787008","type":"male","imageUrl":"https://cdn.discordapp.com/attachments/1076890989395984454/1079904562808369222/SJc2F8CR6b.png","__v":0},{"_id":{"$oid":"63fd398b56020a4903664794"},"id":"GjnfepNR5x","name":"Power Loader","anime":"Boku no Hero Academia","acceptedFor":"451619591320371213","sendedFor":"327496267007787008","type":"male","imageUrl":"https://cdn.discordapp.com/attachments/1076890989395984454/1079904611097391134/GjnfepNR5x.png","__v":0},{"_id":{"$oid":"63ffb53056020a490366a824"},"id":"qYE4fUXmxq","name":"Hanta Sero","anime":"Boku no Hero Academia","acceptedFor":"451619591320371213","sendedFor":"327496267007787008","type":"male","imageUrl":"https://cdn.discordapp.com/attachments/1076890989395984454/1080587127093473373/qYE4fUXmxq.gif","__v":0},{"_id":{"$oid":"63ffb53556020a490366a830"},"id":"KR3VGt4Yrc","name":"Mezo Shoji","anime":"Boku no Hero Academia","acceptedFor":"451619591320371213","sendedFor":"327496267007787008","type":"others","imageUrl":"https://cdn.discordapp.com/attachments/1076890989395984454/1080587149470089386/KR3VGt4Yrc.png","__v":0},{"_id":{"$oid":"63ffb53956020a490366a836"},"id":"Wa5cd5iMLV","name":"Dark Shadow","anime":"Boku no Hero Academia","acceptedFor":"451619591320371213","sendedFor":"327496267007787008","type":"others","imageUrl":"https://cdn.discordapp.com/attachments/1076890989395984454/1080587168583520316/Wa5cd5iMLV.gif","__v":0},{"_id":{"$oid":"63ffb53e56020a490366a83c"},"id":"delH7dar8Z","name":"Toru Hagakure (Garota Invisível)","anime":"Boku no Hero Academia","acceptedFor":"451619591320371213","sendedFor":"327496267007787008","type":"female","imageUrl":"https://cdn.discordapp.com/attachments/1076890989395984454/1080587189047541853/delH7dar8Z.png","__v":0},{"_id":{"$oid":"63ffb54356020a490366a842"},"id":"cmu5oVVBoR","name":"Katsuki Bakugou","anime":"Boku no Hero Academia","acceptedFor":"451619591320371213","sendedFor":"327496267007787008","type":"male","imageUrl":"https://cdn.discordapp.com/attachments/1076890989395984454/1080587208647528528/cmu5oVVBoR.gif","__v":0},{"_id":{"$oid":"63ffb54856020a490366a848"},"id":"3TOHT94g9F","name":"Momo Yaoyorozu","anime":"Boku no Hero Academia","acceptedFor":"451619591320371213","sendedFor":"327496267007787008","type":"female","imageUrl":"https://cdn.discordapp.com/attachments/1076890989395984454/1080587230348841080/3TOHT94g9F.gif","__v":0},{"_id":{"$oid":"63ffb54c56020a490366a84e"},"id":"Q6bb2vrVoM","name":"Tsuyu Asui","anime":"Boku no Hero Academia","acceptedFor":"451619591320371213","sendedFor":"327496267007787008","type":"female","imageUrl":"https://cdn.discordapp.com/attachments/1076890989395984454/1080587249630060596/Q6bb2vrVoM.gif","__v":0},{"_id":{"$oid":"63ffb55056020a490366a854"},"id":"biCDM52gin","name":"Koji Koda","anime":"Boku no Hero Academia","acceptedFor":"451619591320371213","sendedFor":"327496267007787008","type":"others","imageUrl":"https://cdn.discordapp.com/attachments/1076890989395984454/1080587266222723092/biCDM52gin.png","__v":0},{"_id":{"$oid":"63ffb55556020a490366a85b"},"id":"CXxjRVthXH","name":"Fumikage Tokoyami","anime":"Boku no Hero Academia","acceptedFor":"451619591320371213","sendedFor":"327496267007787008","type":"others","imageUrl":"https://cdn.discordapp.com/attachments/1076890989395984454/1080587285927571538/CXxjRVthXH.gif","__v":0},{"_id":{"$oid":"63ffb55c56020a490366a862"},"id":"o6MESEaX6Y","name":"Denki Kaminari","anime":"Boku no Hero Academia","acceptedFor":"451619591320371213","sendedFor":"327496267007787008","type":"male","imageUrl":"https://cdn.discordapp.com/attachments/1076890989395984454/1080587315195416716/o6MESEaX6Y.gif","__v":0},{"_id":{"$oid":"63ffb56156020a490366a868"},"id":"WQjO3rs9t6","name":"Izuku Midoriya","anime":"Boku no Hero Academia","acceptedFor":"451619591320371213","sendedFor":"327496267007787008","type":"male","imageUrl":"https://cdn.discordapp.com/attachments/1076890989395984454/1080587336263409754/WQjO3rs9t6.gif","__v":0},{"_id":{"$oid":"63ffb56856020a490366a86e"},"id":"sSToDx0pxw","name":"Rikido Sato","anime":"Boku no Hero Academia","acceptedFor":"451619591320371213","sendedFor":"327496267007787008","type":"male","imageUrl":"https://cdn.discordapp.com/attachments/1076890989395984454/1080587365757759488/sSToDx0pxw.png","__v":0},{"_id":{"$oid":"63ffb56d56020a490366a874"},"id":"NjZ48NQovw","name":"Mashirao Ojiro","anime":"Boku no Hero Academia","acceptedFor":"451619591320371213","sendedFor":"327496267007787008","type":"male","imageUrl":"https://cdn.discordapp.com/attachments/1076890989395984454/1080587386674741308/NjZ48NQovw.png","__v":0},{"_id":{"$oid":"63ffb57256020a490366a880"},"id":"cwsUekKnwz","name":"Kyoka Jiro","anime":"Boku no Hero Academia","acceptedFor":"451619591320371213","sendedFor":"327496267007787008","type":"female","imageUrl":"https://cdn.discordapp.com/attachments/1076890989395984454/1080587409152024747/cwsUekKnwz.gif","__v":0},{"_id":{"$oid":"63ffb58456020a490366a88e"},"id":"V9oNbpDVtm","name":"Yuga Aoyama","anime":"Boku no Hero Academia","acceptedFor":"451619591320371213","sendedFor":"327496267007787008","type":"male","imageUrl":"https://cdn.discordapp.com/attachments/1076890989395984454/1080587482363605133/V9oNbpDVtm.png","__v":0},{"_id":{"$oid":"63ffb58a56020a490366a894"},"id":"48wNxTd98t","name":"Ochako Uraraka","anime":"Boku no Hero Academia","acceptedFor":"451619591320371213","sendedFor":"327496267007787008","type":"female","imageUrl":"https://cdn.discordapp.com/attachments/1076890989395984454/1080587506128523374/48wNxTd98t.gif","__v":0},{"_id":{"$oid":"63ffb58f56020a490366a89a"},"id":"vvtduF9aOm","name":"Minoru Mineta","anime":"Boku no Hero Academia","acceptedFor":"451619591320371213","sendedFor":"327496267007787008","type":"male","imageUrl":"https://cdn.discordapp.com/attachments/1076890989395984454/1080587528408670368/vvtduF9aOm.png","__v":0},{"_id":{"$oid":"63ffb59356020a490366a8a0"},"id":"ZR5XzGFx4B","name":"Shoto Todoroki","anime":"Boku no Hero Academia","acceptedFor":"451619591320371213","sendedFor":"327496267007787008","type":"male","imageUrl":"https://cdn.discordapp.com/attachments/1076890989395984454/1080587545164906556/ZR5XzGFx4B.gif","__v":0},{"_id":{"$oid":"63ffb59856020a490366a8a7"},"id":"LpwU88B3RX","name":"Lunch Rush","anime":"Boku no Hero Academia","acceptedFor":"451619591320371213","sendedFor":"327496267007787008","type":"others","imageUrl":"https://cdn.discordapp.com/attachments/1076890989395984454/1080587566497140797/LpwU88B3RX.png","__v":0},{"_id":{"$oid":"63ffb5a456020a490366a8ad"},"id":"k0Vkz8CJ8H","name":"Mina Ashido","anime":"Boku no Hero Academia","acceptedFor":"451619591320371213","sendedFor":"327496267007787008","type":"female","imageUrl":"https://cdn.discordapp.com/attachments/1076890989395984454/1080587618753970237/k0Vkz8CJ8H.png","__v":0},{"_id":{"$oid":"63ffb5aa56020a490366a8b3"},"id":"ni16IHMxI0","name":"Tenya Iida","anime":"Boku no Hero Academia","acceptedFor":"451619591320371213","sendedFor":"327496267007787008","type":"male","imageUrl":"https://cdn.discordapp.com/attachments/1076890989395984454/1080587641868783656/ni16IHMxI0.gif","__v":0},{"_id":{"$oid":"63ffb5ae56020a490366a8bf"},"id":"YzMiJsMkmC","name":"Eijiro Kirishima","anime":"Boku no Hero Academia","acceptedFor":"451619591320371213","sendedFor":"327496267007787008","type":"male","imageUrl":"https://cdn.discordapp.com/attachments/1076890989395984454/1080587658968973434/YzMiJsMkmC.gif","__v":0},{"_id":{"$oid":"64001b7ba8914e96ead33ebe"},"id":"9eWm57TkNs","name":"Kiss X Sis","anime":"Kiss X Sis","acceptedFor":"451619591320371213","sendedFor":"327496267007787008","type":"anime","imageUrl":"https://cdn.discordapp.com/attachments/1076890989395984454/1080696964930338826/9eWm57TkNs.png","__v":0},{"_id":{"$oid":"6400b3390c70c904677f0ace"},"id":"txFBWirKAX","name":"Edens Zero","anime":"Edens Zero","acceptedFor":"451619591320371213","sendedFor":"327496267007787008","type":"anime","imageUrl":"https://cdn.discordapp.com/attachments/1076890989395984454/1080859898964881498/txFBWirKAX.png","__v":0},{"_id":{"$oid":"6400b33e0c70c904677f0ad4"},"id":"qilQH22jBm","name":"Soul Eater","anime":"Soul Eater","acceptedFor":"451619591320371213","sendedFor":"327496267007787008","type":"anime","imageUrl":"https://cdn.discordapp.com/attachments/1076890989395984454/1080859918929768609/qilQH22jBm.jpeg","__v":0},{"_id":{"$oid":"6400b3420c70c904677f0ada"},"id":"bAHoimOI7S","name":"Sword Art Online","anime":"Sword Art Online","acceptedFor":"451619591320371213","sendedFor":"327496267007787008","type":"anime","imageUrl":"https://cdn.discordapp.com/attachments/1076890989395984454/1080859937577631834/bAHoimOI7S.png","__v":0},{"_id":{"$oid":"6400b3470c70c904677f0ae0"},"id":"TrIu92hyPN","name":"Cavaleiros do Zodíaco","anime":"Cavaleiros do Zodíaco","acceptedFor":"451619591320371213","sendedFor":"327496267007787008","type":"anime","imageUrl":"https://cdn.discordapp.com/attachments/1076890989395984454/1080859956426854530/TrIu92hyPN.png","__v":0},{"_id":{"$oid":"6400b34b0c70c904677f0aed"},"id":"F66Jx9ACWr","name":"Haikyuu!!","anime":"Haikyuu!!","acceptedFor":"451619591320371213","sendedFor":"327496267007787008","type":"anime","imageUrl":"https://cdn.discordapp.com/attachments/1076890989395984454/1080859975510937700/F66Jx9ACWr.png","__v":0},{"_id":{"$oid":"6400b3500c70c904677f0af3"},"id":"V83IEeWJrF","name":"Attack on Titan","anime":"Attack on Titan","acceptedFor":"451619591320371213","sendedFor":"327496267007787008","type":"anime","imageUrl":"https://cdn.discordapp.com/attachments/1076890989395984454/1080859994750210128/V83IEeWJrF.png","__v":0},{"_id":{"$oid":"6400b3540c70c904677f0af9"},"id":"Hk8GZo3ROs","name":"Bleach","anime":"Bleach","acceptedFor":"451619591320371213","sendedFor":"327496267007787008","type":"anime","imageUrl":"https://cdn.discordapp.com/attachments/1076890989395984454/1080860012089462794/Hk8GZo3ROs.jpeg","__v":0},{"_id":{"$oid":"6400b3580c70c904677f0aff"},"id":"RexGJBKnj5","name":"Ijiranaide, Nagatoro-San","anime":"Ijiranaide, Nagatoro-San","acceptedFor":"451619591320371213","sendedFor":"327496267007787008","type":"anime","imageUrl":"https://cdn.discordapp.com/attachments/1076890989395984454/1080860029042831370/RexGJBKnj5.jpeg","__v":0},{"_id":{"$oid":"6400b35c0c70c904677f0b05"},"id":"yNuKy5wsA2","name":"Tokyo Ghoul","anime":"Tokyo Ghoul","acceptedFor":"451619591320371213","sendedFor":"327496267007787008","type":"anime","imageUrl":"https://cdn.discordapp.com/attachments/1076890989395984454/1080860044968591400/yNuKy5wsA2.jpeg","__v":0},{"_id":{"$oid":"6400b3600c70c904677f0b0b"},"id":"UL3OZ3iQ1P","name":"Samurai X","anime":"Samurai X","acceptedFor":"451619591320371213","sendedFor":"327496267007787008","type":"anime","imageUrl":"https://cdn.discordapp.com/attachments/1076890989395984454/1080860061481570384/UL3OZ3iQ1P.png","__v":0},{"_id":{"$oid":"6400b3630c70c904677f0b11"},"id":"oYDnDOkSlN","name":"Fullmetal Alchemist","anime":"Fullmetal Alchemist","acceptedFor":"451619591320371213","sendedFor":"327496267007787008","type":"anime","imageUrl":"https://cdn.discordapp.com/attachments/1076890989395984454/1080860076635603005/oYDnDOkSlN.png","__v":0},{"_id":{"$oid":"6400b3670c70c904677f0b17"},"id":"ysgujqyVhM","name":"Cowboy Bepop","anime":"Cowboy Bepop","acceptedFor":"451619591320371213","sendedFor":"327496267007787008","type":"anime","imageUrl":"https://cdn.discordapp.com/attachments/1076890989395984454/1080860093106618368/ysgujqyVhM.png","__v":0},{"_id":{"$oid":"6400b36b0c70c904677f0b1d"},"id":"GSiE98twsi","name":"Violet Evergarden","anime":"Violet Evergarden","acceptedFor":"451619591320371213","sendedFor":"327496267007787008","type":"anime","imageUrl":"https://cdn.discordapp.com/attachments/1076890989395984454/1080860108168376440/GSiE98twsi.png","__v":0},{"_id":{"$oid":"6400b36f0c70c904677f0b24"},"id":"ie2RYXY665","name":"Detetive Conan","anime":"Detetive Conan","acceptedFor":"451619591320371213","sendedFor":"327496267007787008","type":"anime","imageUrl":"https://cdn.discordapp.com/attachments/1076890989395984454/1080860124287090748/ie2RYXY665.jpeg","__v":0},{"_id":{"$oid":"6400b3730c70c904677f0b2a"},"id":"EW4xUYnd6R","name":"Super Campeões","anime":"Super Campeões","acceptedFor":"451619591320371213","sendedFor":"327496267007787008","type":"anime","imageUrl":"https://cdn.discordapp.com/attachments/1076890989395984454/1080860140426772611/EW4xUYnd6R.jpeg","__v":0},{"_id":{"$oid":"6400b3770c70c904677f0b30"},"id":"nb2YB4ezxP","name":"No Game No Life","anime":"No Game No Life","acceptedFor":"451619591320371213","sendedFor":"327496267007787008","type":"anime","imageUrl":"https://cdn.discordapp.com/attachments/1076890989395984454/1080860156969111612/nb2YB4ezxP.png","__v":0},{"_id":{"$oid":"6400b37b0c70c904677f0b36"},"id":"F1px0KRKOF","name":"Dragon Ball","anime":"Dragon Ball","acceptedFor":"451619591320371213","sendedFor":"327496267007787008","type":"anime","imageUrl":"https://cdn.discordapp.com/attachments/1076890989395984454/1080860177915445300/F1px0KRKOF.jpeg","__v":0},{"_id":{"$oid":"6400b3800c70c904677f0b3e"},"id":"xpXPRvRTba","name":"The Promised Neverland","anime":"The Promised Neverland","acceptedFor":"451619591320371213","sendedFor":"327496267007787008","type":"anime","imageUrl":"https://cdn.discordapp.com/attachments/1076890989395984454/1080860195674132550/xpXPRvRTba.png","__v":0},{"_id":{"$oid":"6400b3840c70c904677f0b44"},"id":"NZLBe4eWvB","name":"InuYasha","anime":"InuYasha","acceptedFor":"451619591320371213","sendedFor":"327496267007787008","type":"anime","imageUrl":"https://cdn.discordapp.com/attachments/1076890989395984454/1080860212736569414/NZLBe4eWvB.jpeg","__v":0},{"_id":{"$oid":"6400b3890c70c904677f0b50"},"id":"vMX36AxJb9","name":"KonoSuba","anime":"KonoSuba","acceptedFor":"451619591320371213","sendedFor":"327496267007787008","type":"anime","imageUrl":"https://cdn.discordapp.com/attachments/1076890989395984454/1080860232189743235/vMX36AxJb9.png","__v":0},{"_id":{"$oid":"6400b38d0c70c904677f0b57"},"id":"LSttjMcrX7","name":"Re:ZERO","anime":"Re:ZERO","acceptedFor":"451619591320371213","sendedFor":"327496267007787008","type":"anime","imageUrl":"https://cdn.discordapp.com/attachments/1076890989395984454/1080860250858598400/LSttjMcrX7.png","__v":0},{"_id":{"$oid":"6400b3910c70c904677f0b5d"},"id":"9mc4lFeanK","name":"YuYu Hakusho","anime":"YuYu Hakusho","acceptedFor":"451619591320371213","sendedFor":"327496267007787008","type":"anime","imageUrl":"https://cdn.discordapp.com/attachments/1076890989395984454/1080860267719708713/9mc4lFeanK.png","__v":0},{"_id":{"$oid":"6400b3960c70c904677f0b64"},"id":"EJz6fp8bFd","name":"Hunter x Hunter","anime":"Hunter x Hunter","acceptedFor":"451619591320371213","sendedFor":"327496267007787008","type":"anime","imageUrl":"https://cdn.discordapp.com/attachments/1076890989395984454/1080860286975746069/EJz6fp8bFd.png","__v":0},{"_id":{"$oid":"6400b39a0c70c904677f0b6a"},"id":"iKvVQTLwpd","name":"Fate/Stay Night","anime":"Fate/Stay Night","acceptedFor":"451619591320371213","sendedFor":"327496267007787008","type":"anime","imageUrl":"https://cdn.discordapp.com/attachments/1076890989395984454/1080860307007733780/iKvVQTLwpd.png","__v":0},{"_id":{"$oid":"6400b3a00c70c904677f0b71"},"id":"Upv0v8jM5U","name":"Darling In The Franxx","anime":"Darling In The Franxx","acceptedFor":"451619591320371213","sendedFor":"327496267007787008","type":"anime","imageUrl":"https://cdn.discordapp.com/attachments/1076890989395984454/1080860332483956776/Upv0v8jM5U.png","__v":0},{"_id":{"$oid":"6400b3a40c70c904677f0b77"},"id":"8391BtuLUh","name":"Pokémon","anime":"Pokémon","acceptedFor":"451619591320371213","sendedFor":"327496267007787008","type":"anime","imageUrl":"https://cdn.discordapp.com/attachments/1076890989395984454/1080860348137095178/8391BtuLUh.jpeg","__v":0},{"_id":{"$oid":"6400b3aa0c70c904677f0b7d"},"id":"coysAvgFTz","name":"Death Note","anime":"Death Note","acceptedFor":"451619591320371213","sendedFor":"327496267007787008","type":"anime","imageUrl":"https://cdn.discordapp.com/attachments/1076890989395984454/1080860372136894464/coysAvgFTz.png","__v":0},{"_id":{"$oid":"6400b3ad0c70c904677f0b83"},"id":"4mHLf67WKR","name":"Jujutsu Kaisen","anime":"Jujutsu Kaisen","acceptedFor":"451619591320371213","sendedFor":"327496267007787008","type":"anime","imageUrl":"https://cdn.discordapp.com/attachments/1076890989395984454/1080860387613868072/4mHLf67WKR.jpeg","__v":0},{"_id":{"$oid":"6400b3b20c70c904677f0b89"},"id":"9ZrgnjFLrH","name":"Kobayashi-san Chi no Maid Dragon","anime":"Kobayashi-san Chi no Maid Dragon","acceptedFor":"451619591320371213","sendedFor":"327496267007787008","type":"anime","imageUrl":"https://cdn.discordapp.com/attachments/1076890989395984454/1080860406614081616/9ZrgnjFLrH.png","__v":0},{"_id":{"$oid":"6400b3b60c70c904677f0b8f"},"id":"0pTAWWDWYx","name":"Dungeon ni Deai","anime":"Dungeon ni Deai","acceptedFor":"451619591320371213","sendedFor":"327496267007787008","type":"anime","imageUrl":"https://cdn.discordapp.com/attachments/1076890989395984454/1080860423823306873/0pTAWWDWYx.png","__v":0},{"_id":{"$oid":"6400b3ba0c70c904677f0b95"},"id":"qpGGWwmWUB","name":"Neon Genesis Evangelion","anime":"Neon Genesis Evangelion","acceptedFor":"451619591320371213","sendedFor":"327496267007787008","type":"anime","imageUrl":"https://cdn.discordapp.com/attachments/1076890989395984454/1080860440755707964/qpGGWwmWUB.png","__v":0},{"_id":{"$oid":"6400b3bf0c70c904677f0b9b"},"id":"LB5I2nU7fk","name":"Sailor Moon","anime":"Sailor Moon","acceptedFor":"451619591320371213","sendedFor":"327496267007787008","type":"anime","imageUrl":"https://cdn.discordapp.com/attachments/1076890989395984454/1080860460204699720/LB5I2nU7fk.jpeg","__v":0},{"_id":{"$oid":"6400b3c30c70c904677f0ba7"},"id":"7C8rlNZXep","name":"Nanatsu no Taizai","anime":"Nanatsu no Taizai","acceptedFor":"451619591320371213","sendedFor":"327496267007787008","type":"anime","imageUrl":"https://cdn.discordapp.com/attachments/1076890989395984454/1080860475912364134/7C8rlNZXep.jpeg","__v":0},{"_id":{"$oid":"6400b3c80c70c904677f0bad"},"id":"68rIFkcsnB","name":"Code Geass","anime":"Code Geass","acceptedFor":"451619591320371213","sendedFor":"327496267007787008","type":"anime","imageUrl":"https://cdn.discordapp.com/attachments/1076890989395984454/1080860497462689802/68rIFkcsnB.png","__v":0},{"_id":{"$oid":"6400b3cc0c70c904677f0bb3"},"id":"Ani9B8UOMc","name":"Kimetsu no Yaiba","anime":"Kimetsu no Yaiba","acceptedFor":"451619591320371213","sendedFor":"327496267007787008","type":"anime","imageUrl":"https://cdn.discordapp.com/attachments/1076890989395984454/1080860515041038406/Ani9B8UOMc.jpeg","__v":0},{"_id":{"$oid":"6400b3d00c70c904677f0bb9"},"id":"UC0AHe7wtx","name":"Fairy Tail","anime":"Fairy Tail","acceptedFor":"451619591320371213","sendedFor":"327496267007787008","type":"anime","imageUrl":"https://cdn.discordapp.com/attachments/1076890989395984454/1080860531247816724/UC0AHe7wtx.jpeg","__v":0},{"_id":{"$oid":"6400b3d50c70c904677f0bbf"},"id":"RT6tIKyRvS","name":"Sakura Card Captors","anime":"Sakura Card Captors","acceptedFor":"451619591320371213","sendedFor":"327496267007787008","type":"anime","imageUrl":"https://cdn.discordapp.com/attachments/1076890989395984454/1080860550982021160/RT6tIKyRvS.png","__v":0},{"_id":{"$oid":"6400b3db0c70c904677f0bc5"},"id":"EaoGaGQGj5","name":"JoJo's Bizarre Adventure","anime":"JoJo's Bizarre Adventure","acceptedFor":"451619591320371213","sendedFor":"327496267007787008","type":"anime","imageUrl":"https://cdn.discordapp.com/attachments/1076890989395984454/1080860577481629786/EaoGaGQGj5.png","__v":0},{"_id":{"$oid":"6400b3de0c70c904677f0bcb"},"id":"3XVIZsrYNy","name":"One-Punch Man","anime":"One-Punch Man","acceptedFor":"451619591320371213","sendedFor":"327496267007787008","type":"anime","imageUrl":"https://cdn.discordapp.com/attachments/1076890989395984454/1080860592111357982/3XVIZsrYNy.jpeg","__v":0},{"_id":{"$oid":"6400b3e20c70c904677f0bd1"},"id":"fFlKIQwgtb","name":"Boruto: Naruto Next Generations","anime":"Boruto: Naruto Next Generations","acceptedFor":"451619591320371213","sendedFor":"327496267007787008","type":"anime","imageUrl":"https://cdn.discordapp.com/attachments/1076890989395984454/1080860607345082418/fFlKIQwgtb.jpeg","__v":0},{"_id":{"$oid":"6400b3e60c70c904677f0bd7"},"id":"gLlDrzhdv5","name":"Bunny Girl Senpai","anime":"Bunny Girl Senpai","acceptedFor":"451619591320371213","sendedFor":"327496267007787008","type":"anime","imageUrl":"https://cdn.discordapp.com/attachments/1076890989395984454/1080860625477054544/gLlDrzhdv5.png","__v":0},{"_id":{"$oid":"6400b3eb0c70c904677f0bdd"},"id":"0GK1KOON2z","name":"Digimon","anime":"Digimon","acceptedFor":"451619591320371213","sendedFor":"327496267007787008","type":"anime","imageUrl":"https://cdn.discordapp.com/attachments/1076890989395984454/1080860646175944734/0GK1KOON2z.jpeg","__v":0},{"_id":{"$oid":"6400b3ef0c70c904677f0be3"},"id":"uv6EsuLjxX","name":"Inazuma Eleven","anime":"Inazuma Eleven","acceptedFor":"451619591320371213","sendedFor":"327496267007787008","type":"anime","imageUrl":"https://cdn.discordapp.com/attachments/1076890989395984454/1080860661405462538/uv6EsuLjxX.jpeg","__v":0}]