[{"likes":{"up":["854494598533742622","451619591320371213"],"down":[]},"_id":{"$oid":"63b3ad29bfc0afbd95272c16"},"id":"zCm3p4W90S","phrase":"Vem namorar comigo, você nunca passa fome, de dia tu come linguiça e de noite a linguiça de come.","userId":"732954224090021920","acceptedFor":"451619591320371213","__v":0},{"likes":{"up":["451619591320371213","541033481199812628","1031567913611698276"],"down":["904891162362519562"]},"_id":{"$oid":"63b3ae786a88675b14534c2c"},"id":"TjfULstxk2","phrase":"Me chama de cobertor e deixa eu ficar em cima de você o dia todo","userId":"451619591320371213","acceptedFor":"451619591320371213","__v":0},{"likes":{"up":["451619591320371213","1004935250629099560"],"down":["904891162362519562","995848466783817728"]},"_id":{"$oid":"63b43a65e6bee853eba6bdf8"},"id":"jQLtOEpyuX","phrase":"Você não é uma sala com ar condicionado, mas entraria em você todo dia","userId":"451619591320371213","acceptedFor":"451619591320371213","__v":0},{"likes":{"up":[],"down":["1004935250629099560","1071837313849622538"]},"_id":{"$oid":"63b43bf857f9f0d0ab769ab1"},"id":"IJuDfqk4cF","phrase":"Você é a estrela que me guia a noite, você é o Sol que ilumina o meu dia.","userId":"541033481199812628","acceptedFor":"451619591320371213","__v":0},{"likes":{"up":[],"down":[]},"_id":{"$oid":"63b43c0457f9f0d0ab769abb"},"id":"MXi67oNMM4","phrase":"hoje tá meio friozin né? então se você quiser um casaco, é só casacomigo","userId":"607812142090944523","acceptedFor":"451619591320371213","__v":0},{"likes":{"up":["532360129933344769","1031567913611698276"],"down":["917548219679002634"]},"_id":{"$oid":"63b43d42cb17ab4d8753289f"},"id":"EDkP7UVrlY","phrase":"se beleza fosse merda, vc estaria toda cagada","userId":"315297741406339083","acceptedFor":"451619591320371213","__v":0},{"likes":{"up":[],"down":[]},"_id":{"$oid":"63b43d42cb17ab4d875328a0"},"id":"jIfthj9dWZ","phrase":"Oi gata, gosta de futebol? É que eu queria que você batesse uma bolinha pra mim<:y_emojishy_voltz:902332675984080897>","userId":"545189821245685781","acceptedFor":"451619591320371213","__v":0},{"likes":{"up":[],"down":[]},"_id":{"$oid":"63b43d42cb17ab4d8753289e"},"id":"3IYXD4NaEw","phrase":"Você é feito de lítio, neodímio, oxigênio e carbono. Sabe por quê? Porque você é Li-Nd-O-NA","userId":"451619591320371213","acceptedFor":"451619591320371213","__v":0},{"likes":{"up":[],"down":["541033481199812628"]},"_id":{"$oid":"63b43d42cb17ab4d875328a4"},"id":"w5RiNOcjHF","phrase":"Me chama pra jogar sinuca que eu encaçapo minhas bolas sem dó.","userId":"545189821245685781","acceptedFor":"451619591320371213","__v":0},{"likes":{"up":[],"down":[]},"_id":{"$oid":"63b43d42cb17ab4d875328a7"},"id":"4gOTeTMlvA","phrase":"Um mês atrás eu era apaixonado(a) por você. E parece que estamos no mês passado ainda.","userId":"315297741406339083","acceptedFor":"451619591320371213","__v":0},{"likes":{"up":[],"down":[]},"_id":{"$oid":"63b43d42cb17ab4d875328a6"},"id":"6psHbHBEKt","phrase":"Você é o meu alvo? Porque quando eu te vejo o meu coração dispara🥰","userId":"545189821245685781","acceptedFor":"451619591320371213","__v":0},{"likes":{"up":["854494598533742622"],"down":[]},"_id":{"$oid":"63b43d42cb17ab4d875328a8"},"id":"NRx6f1PcPV","phrase":"Se preto fosse paixão e branco fosse carinho, o que eu sinto por você seria xadrezinho.","userId":"315297741406339083","acceptedFor":"451619591320371213","__v":0},{"likes":{"up":[],"down":[]},"_id":{"$oid":"63b43d42cb17ab4d875328a9"},"id":"g3zHdC65ZC","phrase":"Não sei se o mundo é bom, mas ele ficou muito melhor quando você chegou.","userId":"315297741406339083","acceptedFor":"451619591320371213","__v":0},{"likes":{"up":[],"down":[]},"_id":{"$oid":"63b43d42cb17ab4d875328aa"},"id":"XDVxyWTnxB","phrase":"Eu tô precisando de óculos escuros, porque você brilha mais que o Sol😎","userId":"545189821245685781","acceptedFor":"451619591320371213","__v":0},{"likes":{"up":[],"down":[]},"_id":{"$oid":"63b43d42cb17ab4d875328ab"},"id":"hAXiDrgvXl","phrase":"Afinal, está tudo bem comigo. Aquele batimento estranho no coração é só mesmo uma questão de paixão por você.","userId":"315297741406339083","acceptedFor":"451619591320371213","__v":0},{"likes":{"up":[],"down":[]},"_id":{"$oid":"63b43d42cb17ab4d875328ac"},"id":"kInqDJCJbK","phrase":"Não existe amor à primeira vista. O que existe é a pessoa certa, no momento certo. Você por acaso estava lá!","userId":"315297741406339083","acceptedFor":"451619591320371213","__v":0},{"likes":{"up":[],"down":[]},"_id":{"$oid":"63b43d42cb17ab4d875328ad"},"id":"GBFB0pFH6V","phrase":"Se beleza fosse flor, você seria o Jardim Botânico!","userId":"315297741406339083","acceptedFor":"451619591320371213","__v":0},{"likes":{"up":["854494598533742622"],"down":[]},"_id":{"$oid":"63b43d42cb17ab4d875328af"},"id":"GT3dLW5qZJ","phrase":"Dizem que o que a gente vê nas nuvens é o nosso maior sonho. E eu ví nos dois juntos <3","userId":"545189821245685781","acceptedFor":"451619591320371213","__v":0},{"likes":{"up":[],"down":[]},"_id":{"$oid":"63b43d42cb17ab4d875328b0"},"id":"heJgEnRka7","phrase":"Você diz “Boa noite”. Mas como vou ter sem você aqui do meu lado?😔","userId":"545189821245685781","acceptedFor":"451619591320371213","__v":0},{"likes":{"up":[],"down":[]},"_id":{"$oid":"63b43d42cb17ab4d875328b2"},"id":"MzakqRs5eA","phrase":"Nem o pc com as melhores configurações poderia processar os gráficos da sua beleza <3","userId":"545189821245685781","acceptedFor":"451619591320371213","__v":0},{"likes":{"up":[],"down":[]},"_id":{"$oid":"63b43d42cb17ab4d875328b3"},"id":"MkvMkjL8bv","phrase":"Você é bruxa? Porque você balançou a varinha e fez uma mágica acontecer😳","userId":"545189821245685781","acceptedFor":"451619591320371213","__v":0},{"likes":{"up":[],"down":["904891162362519562"]},"_id":{"$oid":"63b43d42cb17ab4d875328b4"},"id":"jzJXPEpbtw","phrase":"Você não é sushi, mas quero te comer com meu palito","userId":"451619591320371213","acceptedFor":"451619591320371213","__v":0},{"likes":{"up":[],"down":[]},"_id":{"$oid":"63b43d42cb17ab4d875328b5"},"id":"rTxZ4WgSXP","phrase":"Você não é pescoço mas mexeu minha cabeça.","userId":"545189821245685781","acceptedFor":"451619591320371213","__v":0},{"likes":{"up":[],"down":[]},"_id":{"$oid":"63b43d42cb17ab4d875328b7"},"id":"qndXJCRICn","phrase":"Me chama de urso e deixa eu provar do seu mel 🍯❤️","userId":"545189821245685781","acceptedFor":"451619591320371213","__v":0},{"likes":{"up":["854494598533742622"],"down":[]},"_id":{"$oid":"63b43d42cb17ab4d875328a2"},"id":"1ef39E8fVX","phrase":"Pesquisas apontam que agente junto é erro de gramática, mas a gente separado é erro do destino.","userId":"315297741406339083","acceptedFor":"451619591320371213","__v":0},{"likes":{"up":[],"down":[]},"_id":{"$oid":"63b43d42cb17ab4d875328b9"},"id":"XjGZN3sy7u","phrase":"Você mia? Porque você é uma gata🐱","userId":"545189821245685781","acceptedFor":"451619591320371213","__v":0},{"likes":{"up":[],"down":[]},"_id":{"$oid":"63b43d42cb17ab4d875328a3"},"id":"AHow8dMOW8","phrase":"Gosto de seus olhos, mas prefiro os meus. Se não fosse por eles, eu jamais veria os seus.","userId":"315297741406339083","acceptedFor":"451619591320371213","__v":0},{"likes":{"up":[],"down":[]},"_id":{"$oid":"63b43d42cb17ab4d875328bc"},"id":"mqKGvrNHLW","phrase":"Se sua beleza fosse arte você seria mais famosa que a Monalisa","userId":"545189821245685781","acceptedFor":"451619591320371213","__v":0},{"likes":{"up":["854494598533742622"],"down":[]},"_id":{"$oid":"63b43d42cb17ab4d875328bb"},"id":"T1e4MN1Orj","phrase":"Você não é anel mas eu enfiaria meu dedo em você","userId":"451619591320371213","acceptedFor":"451619591320371213","__v":0},{"likes":{"up":[],"down":[]},"_id":{"$oid":"63b43d42cb17ab4d875328bd"},"id":"sHPuA10kiK","phrase":"Não tem cantada pra você. Você merece flores, e não palavras!","userId":"545189821245685781","acceptedFor":"451619591320371213","__v":0},{"likes":{"up":["1031567913611698276"],"down":[]},"_id":{"$oid":"63b43d42cb17ab4d875328be"},"id":"1OkhZyz2Jm","phrase":"queria ser uma pizza, mas pizza não posso ser pq pizza da pra 8 e eu só quero dar pra vc rs","userId":"737238491842347098","acceptedFor":"451619591320371213","__v":0},{"likes":{"up":["854494598533742622","991133417787895828"],"down":[]},"_id":{"$oid":"63b43d42cb17ab4d875328bf"},"id":"SsxehmLXaI","phrase":"Você não é sorvete, mas te lamberia todo dia","userId":"451619591320371213","acceptedFor":"451619591320371213","__v":0},{"likes":{"up":[],"down":[]},"_id":{"$oid":"63b43d42cb17ab4d875328c0"},"id":"ez97pwmVC8","phrase":"Tá vendo aquele casal perfeito? Poderia ser a gente.","userId":"545189821245685781","acceptedFor":"451619591320371213","__v":0},{"likes":{"up":["1031567913611698276"],"down":[]},"_id":{"$oid":"63b43d42cb17ab4d875328c1"},"id":"9Flg6XfORG","phrase":"Se eu quero você pra mim? Dó Re Mi Fa Sol se for agora😎","userId":"545189821245685781","acceptedFor":"451619591320371213","__v":0},{"likes":{"up":[],"down":[]},"_id":{"$oid":"63b43d42cb17ab4d875328c3"},"id":"2TVYCoQ1Jn","phrase":"Com meu coração de gelo você derrete ele todinho🧊❤️🔥","userId":"545189821245685781","acceptedFor":"451619591320371213","__v":0},{"likes":{"up":["854494598533742622"],"down":[]},"_id":{"$oid":"63b43d42cb17ab4d875328c2"},"id":"X9eh1QGG4f","phrase":"Preciso de um tempo. De tão doce que você é vou pegar diabete.","userId":"545189821245685781","acceptedFor":"451619591320371213","__v":0},{"likes":{"up":[],"down":[]},"_id":{"$oid":"63b43d42cb17ab4d875328c4"},"id":"nggRFWCqee","phrase":"Virei master chef 1 linguiça, 2 ovos, leite, e te deixo de barriga chega durante 9 meses.","userId":"545189821245685781","acceptedFor":"451619591320371213","__v":0},{"likes":{"up":["451619591320371213"],"down":[]},"_id":{"$oid":"63b43d42cb17ab4d875328c5"},"id":"hOJO1OlU4g","phrase":"Já usou aquele shampoo para esquecer o ex, o 'Euserve'.","userId":"796906915543646249","acceptedFor":"451619591320371213","__v":0},{"likes":{"up":[],"down":[]},"_id":{"$oid":"63b43d42cb17ab4d875328c6"},"id":"zz9Lss1cLI","phrase":"Me chama de carta e me dá um selinho💌","userId":"545189821245685781","acceptedFor":"451619591320371213","__v":0},{"likes":{"up":[],"down":[]},"_id":{"$oid":"63b43d42cb17ab4d875328c7"},"id":"bmcuwABA72","phrase":"A sua voz é o único podcast que escutaria o dia todo","userId":"545189821245685781","acceptedFor":"451619591320371213","__v":0},{"likes":{"up":["423594933362884611"],"down":["1041929447365939291"]},"_id":{"$oid":"63b43d42cb17ab4d875328c9"},"id":"Rn6S21EELd","phrase":"Destre todas as curvas, as mais perigosas são as do seu corpo","userId":"545189821245685781","acceptedFor":"451619591320371213","__v":0},{"likes":{"up":["351903530161799178","496359287346692125"],"down":[]},"_id":{"$oid":"63b43d42cb17ab4d875328cb"},"id":"NnbaSc9NAW","phrase":"De TODOS os idiomas que existem no mundo, a única língua que gostaria de aprender é a sua👅","userId":"545189821245685781","acceptedFor":"451619591320371213","__v":0},{"likes":{"up":[],"down":["423594933362884611","1041929447365939291"]},"_id":{"$oid":"63b43d42cb17ab4d875328cc"},"id":"JYI1ThMdTK","phrase":"Tu mora em apartamento? Porque EDIFÍCIO ficar longe de vc","userId":"741788846978629793","acceptedFor":"451619591320371213","__v":0},{"likes":{"up":[],"down":[]},"_id":{"$oid":"63b43d42cb17ab4d875328cd"},"id":"J7oNsYcWKV","phrase":"Maconha é planta. Droga mesmo é te ver mas não te ter","userId":"545189821245685781","acceptedFor":"451619591320371213","__v":0},{"likes":{"up":[],"down":[]},"_id":{"$oid":"63b43d42cb17ab4d875328ce"},"id":"z0FwwmHpWu","phrase":"PARADA! Você está sendo presa por ser muito linda✋👮‍♂️🛑","userId":"545189821245685781","acceptedFor":"451619591320371213","__v":0},{"likes":{"up":[],"down":[]},"_id":{"$oid":"63b43d42cb17ab4d875328cf"},"id":"PFHV70cEe0","phrase":"Eu tento te tirar dá cabeca, mas você fica bem assim: zig zag zum, não vou a lugar nenhum","userId":"545189821245685781","acceptedFor":"451619591320371213","__v":0},{"likes":{"up":[],"down":[]},"_id":{"$oid":"63b43d42cb17ab4d875328d0"},"id":"kEeb2U0Aly","phrase":"Vamos fazer assim: eu te dou um beijo. Se você gostar, você me dá outro. Se não gostar, você me devolve","userId":"545189821245685781","acceptedFor":"451619591320371213","__v":0},{"likes":{"up":[],"down":[]},"_id":{"$oid":"63b43d42cb17ab4d875328d1"},"id":"Y4bnJmwr4t","phrase":"Usei shampoo anti-quedas mas não adiantou nada. Minha queda por você continua...","userId":"545189821245685781","acceptedFor":"451619591320371213","__v":0},{"likes":{"up":["991133417787895828"],"down":[]},"_id":{"$oid":"63b43d42cb17ab4d875328d2"},"id":"ry4eqzSf3U","phrase":"Vamo vender picolé na rua? Eu empurro e você grita","userId":"545189821245685781","acceptedFor":"451619591320371213","__v":0},{"likes":{"up":["1060320397414908016","991133417787895828"],"down":[]},"_id":{"$oid":"63b43d42cb17ab4d875328d3"},"id":"tpwuMDUmdK","phrase":"Se o universo soubesse o tamanho do meu amor por você, ele teria vergonha de ser tão pequeno❤️ ❤️ ❤️ ❤️","userId":"545189821245685781","acceptedFor":"451619591320371213","__v":0},{"likes":{"up":[],"down":["854494598533742622","904891162362519562","991133417787895828"]},"_id":{"$oid":"63b43d42cb17ab4d875328d4"},"id":"aYyEvjhvr8","phrase":"Você não é 2020/2021 mas fodeu com meu psicológico","userId":"451619591320371213","acceptedFor":"451619591320371213","__v":0},{"likes":{"up":[],"down":[]},"_id":{"$oid":"63b43d42cb17ab4d875328d5"},"id":"TLImkJ72R8","phrase":"Você não é adubo mas fez minha flor crescer","userId":"351903530161799178","acceptedFor":"451619591320371213","__v":0},{"likes":{"up":[],"down":[]},"_id":{"$oid":"63b43d42cb17ab4d875328d6"},"id":"sQzUi51ix1","phrase":"Você trabalha na horta? Pq você fez meu pepino crescer <:flanshed:878122026366283786>","userId":"351903530161799178","acceptedFor":"451619591320371213","__v":0},{"likes":{"up":[],"down":[]},"_id":{"$oid":"63b43d42cb17ab4d875328d7"},"id":"rJlShyxDGk","phrase":"Conhece avon? A vontade que tenho de te dar uns beijos","userId":"545189821245685781","acceptedFor":"451619591320371213","__v":0},{"likes":{"up":[],"down":[]},"_id":{"$oid":"63b43d42cb17ab4d875328d8"},"id":"DICfkMjhu3","phrase":"Deixa eu te chamar de manga que te chupo todinha","userId":"545189821245685781","acceptedFor":"451619591320371213","__v":0},{"likes":{"up":[],"down":[]},"_id":{"$oid":"63b43d42cb17ab4d875328d9"},"id":"F8066ZUjKK","phrase":"Oi, cheguei atrasado na fila de quem quer ser o amor da sua vida?","userId":"545189821245685781","acceptedFor":"451619591320371213","__v":0},{"likes":{"up":[],"down":[]},"_id":{"$oid":"63b43d42cb17ab4d875328da"},"id":"LhTlc9ajzG","phrase":"Prefere que eu te leve do colchão para o céu ou traga o céu para o colchão?","userId":"545189821245685781","acceptedFor":"451619591320371213","__v":0},{"likes":{"up":[],"down":[]},"_id":{"$oid":"63b43d42cb17ab4d875328b8"},"id":"rLkiXB70dz","phrase":"Você não é chiclete mas grudou na minha mente, agora ninguém te tira de lá...","userId":"545189821245685781","acceptedFor":"451619591320371213","__v":0},{"likes":{"up":[],"down":["904891162362519562"]},"_id":{"$oid":"63b43d42cb17ab4d875328ba"},"id":"ajjQVzCPiJ","phrase":"Você não é pipoca mas te comeria todo dia","userId":"451619591320371213","acceptedFor":"451619591320371213","__v":0},{"likes":{"up":[],"down":[]},"_id":{"$oid":"63b43d42cb17ab4d875328dd"},"id":"6NhmK1imft","phrase":"eu quero te dar e não é parabens","userId":"743435108090118154","acceptedFor":"451619591320371213","__v":0},{"likes":{"up":["451619591320371213","423594933362884611"],"down":[]},"_id":{"$oid":"63b43d42cb17ab4d875328df"},"id":"w4fKvraZVU","phrase":"Newton estava errado. Dito as leis, era para eu estar sendo atraído para o centro da Terra, mas eu tô totalmente atraído por você","userId":"545189821245685781","acceptedFor":"451619591320371213","__v":0},{"likes":{"up":[],"down":[]},"_id":{"$oid":"63b43d42cb17ab4d875328e0"},"id":"bKEoOswRfW","phrase":"Qual é o número da polícia? Infelizmente, terei que te denunciar por roubar meu coração","userId":"737238491842347098","acceptedFor":"451619591320371213","__v":0},{"likes":{"up":[],"down":[]},"_id":{"$oid":"63b43d42cb17ab4d875328e1"},"id":"yYAKaSx8Rq","phrase":"O que eu sinto por você só pode ser motorista, porque passageiro não é","userId":"737238491842347098","acceptedFor":"451619591320371213","__v":0},{"likes":{"up":[],"down":[]},"_id":{"$oid":"63b43d42cb17ab4d875328e2"},"id":"UitgZBy55C","phrase":"Está calor, né? Mas não é de hoje que eu me derreto por você.","userId":"737238491842347098","acceptedFor":"451619591320371213","__v":0},{"likes":{"up":[],"down":[]},"_id":{"$oid":"63b43d42cb17ab4d875328e3"},"id":"Ho6alJUNVL","phrase":"Você foi feita com velas, mel, fitinhas vermelhas e rosas? Porque te achei uma simpatia","userId":"737238491842347098","acceptedFor":"451619591320371213","__v":0},{"likes":{"up":["854494598533742622"],"down":["423594933362884611"]},"_id":{"$oid":"63b43d42cb17ab4d875328e4"},"id":"VBzFzIp2hC","phrase":"Queria desejar noite, porque para ser boa teríamos que estar juntos","userId":"737238491842347098","acceptedFor":"451619591320371213","__v":0},{"likes":{"up":[],"down":[]},"_id":{"$oid":"63b43d42cb17ab4d875328e5"},"id":"0Bf9svcq8g","phrase":"Não sou carro, mas sou Para ti.","userId":"737238491842347098","acceptedFor":"451619591320371213","__v":0},{"likes":{"up":[],"down":[]},"_id":{"$oid":"63b43d42cb17ab4d875328e6"},"id":"3yZ2Xkf5TH","phrase":"Estou fazendo uma campanha de doação de órgãos! Então, não quer doar seu coração para mim?","userId":"737238491842347098","acceptedFor":"451619591320371213","__v":0},{"likes":{"up":[],"down":[]},"_id":{"$oid":"63b43d42cb17ab4d875328e7"},"id":"NApGluYLhY","phrase":"se a beleza fosse ser a akemy vc seria a akemy","userId":"743435108090118154","acceptedFor":"451619591320371213","__v":0},{"likes":{"up":[],"down":["423594933362884611"]},"_id":{"$oid":"63b43d42cb17ab4d875328e8"},"id":"T0eI8760Fe","phrase":"Você acredita em amor à primeira vista ou devo passar por aqui mais uma vez?","userId":"737238491842347098","acceptedFor":"451619591320371213","__v":0},{"likes":{"up":[],"down":[]},"_id":{"$oid":"63b43d42cb17ab4d875328e9"},"id":"IYrCRH5uyX","phrase":"Existe um vazio no meu coração que tem as suas medidas","userId":"737238491842347098","acceptedFor":"451619591320371213","__v":0},{"likes":{"up":[],"down":[]},"_id":{"$oid":"63b43d42cb17ab4d875328ea"},"id":"bSHWII2p6q","phrase":"Onde é que eu deixo meu currículo para concorrer à vaga de amor da sua vida?","userId":"737238491842347098","acceptedFor":"451619591320371213","__v":0},{"likes":{"up":[],"down":[]},"_id":{"$oid":"63b43d42cb17ab4d875328ec"},"id":"PGddQguAyy","phrase":"Se você quiser pode até me chamar de Buzz Lightyear, porque eu sou capaz de levar a nossa relação ao infinito e além","userId":"737238491842347098","acceptedFor":"451619591320371213","__v":0},{"likes":{"up":[],"down":[]},"_id":{"$oid":"63b43d42cb17ab4d875328eb"},"id":"mVbGWZoexS","phrase":"Você deveria entrar em Hogwarts, porque o que você faz com o meu coração só pode ser bruxaria.","userId":"737238491842347098","acceptedFor":"451619591320371213","__v":0},{"likes":{"up":[],"down":[]},"_id":{"$oid":"63b43d42cb17ab4d875328ed"},"id":"8b6voaD2E0","phrase":"Você não é Death Note, mas me matou quando me escreveu pela primeira vez.","userId":"737238491842347098","acceptedFor":"451619591320371213","__v":0},{"likes":{"up":["1031567913611698276"],"down":[]},"_id":{"$oid":"63b43d42cb17ab4d875328ee"},"id":"0pvXfzfQNX","phrase":"Meu amor é igual ao mapa de Minecraft: infinito e cheio de surpresas.","userId":"737238491842347098","acceptedFor":"451619591320371213","__v":0},{"likes":{"up":["854494598533742622","541033481199812628"],"down":[]},"_id":{"$oid":"63b43d42cb17ab4d875328ef"},"id":"QYzlaiDFWi","phrase":"Você não é o Charmander, mas me deixa pegando fogo.","userId":"737238491842347098","acceptedFor":"451619591320371213","__v":0},{"likes":{"up":[],"down":[]},"_id":{"$oid":"63b43d42cb17ab4d875328f1"},"id":"AZ0tukRoqU","phrase":"se vc é a mulher mais linda do mundo, ent a moana é o que? a mulher mais linda do planeta?","userId":"743435108090118154","acceptedFor":"451619591320371213","__v":0},{"likes":{"up":[],"down":[]},"_id":{"$oid":"63b43d42cb17ab4d875328f0"},"id":"osB3LRshVL","phrase":"Você não é colesterol, mas afetou meu coração.","userId":"737238491842347098","acceptedFor":"451619591320371213","__v":0},{"likes":{"up":[],"down":[]},"_id":{"$oid":"63b43d42cb17ab4d875328f2"},"id":"oLPqa4sYiz","phrase":"Vontade de fazer aquilo que começa com s: ser o amor da sua vida","userId":"743435108090118154","acceptedFor":"451619591320371213","__v":0},{"likes":{"up":["451619591320371213"],"down":[]},"_id":{"$oid":"63b43d42cb17ab4d875328f3"},"id":"D4YntpQm71","phrase":"Eu te conheço? Nossa, desculpa… É que você parece muito com a minha próxima namorada","userId":"743435108090118154","acceptedFor":"451619591320371213","__v":0},{"likes":{"up":[],"down":[]},"_id":{"$oid":"63b43d42cb17ab4d875328f4"},"id":"RctaIZuqrw","phrase":"Por acaso seu pai é pirata? Porque você é um tesouro.","userId":"743435108090118154","acceptedFor":"451619591320371213","__v":0},{"likes":{"up":[],"down":[]},"_id":{"$oid":"63b43d42cb17ab4d875328f5"},"id":"uikfbsW8SN","phrase":"Eu sou o prédio e vc edifício","userId":"854494598533742622","acceptedFor":"451619591320371213","__v":0},{"likes":{"up":[],"down":[]},"_id":{"$oid":"63b43d42cb17ab4d875328f6"},"id":"msXWUCdgcM","phrase":"Nossa, quem é afodite perto de vc gata?","userId":"743435108090118154","acceptedFor":"451619591320371213","__v":0},{"likes":{"up":[],"down":[]},"_id":{"$oid":"63b43d42cb17ab4d875328f7"},"id":"XgAimYekK6","phrase":"Você tem um band-aid? Porque ralei meu joelho caindo de amores por você","userId":"743435108090118154","acceptedFor":"451619591320371213","__v":0},{"likes":{"up":[],"down":[]},"_id":{"$oid":"63b43d42cb17ab4d875328f8"},"id":"xKFulfY8Jr","phrase":"A pressa é sua inimiga? Porque eu ouvi dizer que a pressa é inimiga da perfeição.","userId":"743435108090118154","acceptedFor":"451619591320371213","__v":0},{"likes":{"up":["854494598533742622"],"down":[]},"_id":{"$oid":"63b43d42cb17ab4d875328fa"},"id":"plPZDgzHXd","phrase":"Me chama de Mario e vem ser minha princesa Peach.","userId":"743435108090118154","acceptedFor":"451619591320371213","__v":0},{"likes":{"up":["1031567913611698276"],"down":[]},"_id":{"$oid":"63b43d42cb17ab4d875328f9"},"id":"U0RGZPrlef","phrase":"Nossa, quem é afodite perto de vc gata? (a mina morre pq n existe nenhuma mulher mais bonita q afrodite)","userId":"743435108090118154","acceptedFor":"451619591320371213","__v":0},{"likes":{"up":[],"down":[]},"_id":{"$oid":"63b43d42cb17ab4d875328fb"},"id":"L6BwfZWSSg","phrase":"Se você quiser ser o meu player 2, o lugar está reservado para salvarmos vários jogos no meu coração","userId":"743435108090118154","acceptedFor":"451619591320371213","__v":0},{"likes":{"up":[],"down":[]},"_id":{"$oid":"63b43d42cb17ab4d875328fc"},"id":"GJ0iVDQpcG","phrase":"Meu nome é Arlindo, mas pode me chamar só de lindo, porque o ar eu perdi quando te vi.","userId":"743435108090118154","acceptedFor":"451619591320371213","__v":0},{"likes":{"up":[],"down":[]},"_id":{"$oid":"63b43d42cb17ab4d875328fe"},"id":"1YY7f9zZLc","phrase":"Se você fosse um fogão, eu beijaria todas as suas bocas.","userId":"743435108090118154","acceptedFor":"451619591320371213","__v":0},{"likes":{"up":[],"down":[]},"_id":{"$oid":"63b43d42cb17ab4d875328fd"},"id":"aOK6kGX9vk","phrase":"Gata, me chama de video game e me joga no sofá","userId":"743435108090118154","acceptedFor":"451619591320371213","__v":0},{"likes":{"up":[],"down":[]},"_id":{"$oid":"63b43d42cb17ab4d875328ff"},"id":"QwobpX0q3W","phrase":"Se eu fosse um gato, passaria as minhas sete vidas com você.","userId":"743435108090118154","acceptedFor":"451619591320371213","__v":0},{"likes":{"up":["854494598533742622","451619591320371213"],"down":[]},"_id":{"$oid":"63b43d42cb17ab4d87532900"},"id":"zLaabw5Eld","phrase":"Um minuto são 60 maneiras de pensar em você.","userId":"743435108090118154","acceptedFor":"451619591320371213","__v":0},{"likes":{"up":[],"down":[]},"_id":{"$oid":"63b43d42cb17ab4d87532901"},"id":"UK5NCvseb2","phrase":"Fiquei sabendo que você está vendendo pão. Me vem de quatro?","userId":"545189821245685781","acceptedFor":"451619591320371213","__v":0},{"likes":{"up":[],"down":[]},"_id":{"$oid":"63b43d42cb17ab4d87532902"},"id":"1XECSHfij9","phrase":"O açougueiro, vende carne. O sorveteiro, vende sorvete. O padeiro, vende pão. E, você, vem de zap?","userId":"743435108090118154","acceptedFor":"451619591320371213","__v":0},{"likes":{"up":[],"down":["541033481199812628"]},"_id":{"$oid":"63b43d42cb17ab4d87532903"},"id":"iLoYwxigxK","phrase":"Você é tão lindo(a) que, quando nasceu, a sua mãe não te deu apenas à luz, mas a companhia de energia inteira.","userId":"743435108090118154","acceptedFor":"451619591320371213","__v":0},{"likes":{"up":[],"down":[]},"_id":{"$oid":"63b43d42cb17ab4d875328db"},"id":"AnrUnOem41","phrase":"Me chama de avião que te levo as alturas","userId":"545189821245685781","acceptedFor":"451619591320371213","__v":0},{"likes":{"up":["854494598533742622","451619591320371213"],"down":[]},"_id":{"$oid":"63b43d42cb17ab4d87532906"},"id":"b8mXW0vbar","phrase":"Me chama de Mário e deixa eu te comer atrás do armário","userId":"545189821245685781","acceptedFor":"451619591320371213","__v":0},{"likes":{"up":[],"down":[]},"_id":{"$oid":"63b43d42cb17ab4d87532905"},"id":"ZlTfmfu9IJ","phrase":"Nossa, estou sentindo uma dor no peito. Espero que seja amor. Porque se for infarto, eu nunca mais vou ver você...","userId":"737238491842347098","acceptedFor":"451619591320371213","__v":0},{"likes":{"up":[],"down":[]},"_id":{"$oid":"63b43d42cb17ab4d87532908"},"id":"qmGZ6lpILh","phrase":"me chama de telefone que com você eu perco a linha","userId":"772304830169481218","acceptedFor":"451619591320371213","__v":0},{"likes":{"up":["1041929447365939291"],"down":["423594933362884611"]},"_id":{"$oid":"63b43d42cb17ab4d87532909"},"id":"pclxNgLCex","phrase":"Gata você não é Afrodite, mas me tirou os Ares com Zeus lindos olhos.","userId":"823644589344030790","acceptedFor":"451619591320371213","__v":0},{"likes":{"up":[],"down":[]},"_id":{"$oid":"63b43d42cb17ab4d8753290a"},"id":"8dFdJNz88d","phrase":"você ta achando que eu vou correr atras de você? kkkkkk vai devagar ai porfavor porque eu tenho asma","userId":"743435108090118154","acceptedFor":"451619591320371213","__v":0},{"likes":{"up":[],"down":[]},"_id":{"$oid":"63b43d42cb17ab4d8753290b"},"id":"6Lt59YjmZD","phrase":"Você quer o mundo? Eu te dou. Você quer lua? Eu te dou. Você quer as estrelas? Eu tbm te dou. Só não me pede um chifre, pq isso você já tem.","userId":"854494598533742622","acceptedFor":"451619591320371213","__v":0},{"likes":{"up":["854494598533742622","351903530161799178"],"down":[]},"_id":{"$oid":"63b43d42cb17ab4d8753290c"},"id":"nsiPOwlH8Z","phrase":"Queria ser um gás nobre, mas gás nobre não posso ser.Porque gás nobre se estabiliza com 8 elétrons e eu só me estabilizo com você","userId":"743435108090118154","acceptedFor":"451619591320371213","__v":0},{"likes":{"up":[],"down":[]},"_id":{"$oid":"63b43d42cb17ab4d8753290d"},"id":"0oeQjOrzZ1","phrase":"Não te doem as pernas de fugir dos meus sonhos todas as noites?","userId":"823644589344030790","acceptedFor":"451619591320371213","__v":0},{"likes":{"up":["854494598533742622"],"down":[]},"_id":{"$oid":"63b43d42cb17ab4d8753290e"},"id":"GMIWum6ZH0","phrase":"Sabe estacionar? Porque tem uma vaga o meu coração.","userId":"823644589344030790","acceptedFor":"451619591320371213","__v":0},{"likes":{"up":[],"down":[]},"_id":{"$oid":"63b43d42cb17ab4d8753290f"},"id":"exvFp1i7R8","phrase":"Você não é GPS quebrado, mas me deixa sem rumo.","userId":"823644589344030790","acceptedFor":"451619591320371213","__v":0},{"likes":{"up":[],"down":[]},"_id":{"$oid":"63b43d42cb17ab4d87532911"},"id":"avv3ncUsCz","phrase":"Você não é cocô de pombo, mas caiu do céu","userId":"800022237071409194","acceptedFor":"451619591320371213","__v":0},{"likes":{"up":[],"down":[]},"_id":{"$oid":"63b43d42cb17ab4d87532910"},"id":"PeGuAghEdk","phrase":"Estou fazendo uma campanha de doação de órgãos! Então, não quer doar seu coração para mim?","userId":"823644589344030790","acceptedFor":"451619591320371213","__v":0},{"likes":{"up":[],"down":[]},"_id":{"$oid":"63b43d42cb17ab4d87532912"},"id":"hymgPh2kbO","phrase":"Eu não sou milionária, mas eu te daria um jatinho branco","userId":"800022237071409194","acceptedFor":"451619591320371213","__v":0},{"likes":{"up":[],"down":[]},"_id":{"$oid":"63b43d42cb17ab4d87532914"},"id":"j0bRtUYcKZ","phrase":"Eu perdi o número do meu telefone. Me empresta o seu?","userId":"823644589344030790","acceptedFor":"451619591320371213","__v":0},{"likes":{"up":[],"down":[]},"_id":{"$oid":"63b43d42cb17ab4d87532913"},"id":"Ozl1dXYI6E","phrase":"Fui ver a previsão do tempo e li que vai rolar um clima entre nós.","userId":"823644589344030790","acceptedFor":"451619591320371213","__v":0},{"likes":{"up":[],"down":[]},"_id":{"$oid":"63b43d42cb17ab4d87532915"},"id":"Y2MSSMRKNe","phrase":"Virei uber, que horas eu te pego?","userId":"737238491842347098","acceptedFor":"451619591320371213","__v":0},{"likes":{"up":["854494598533742622"],"down":[]},"_id":{"$oid":"63b43d42cb17ab4d87532916"},"id":"JTP9GwnQpM","phrase":"Com licença, você teria um amigo em comum que pudesse nos apresentar?","userId":"823644589344030790","acceptedFor":"451619591320371213","__v":0},{"likes":{"up":["854494598533742622"],"down":[]},"_id":{"$oid":"63b43d42cb17ab4d87532917"},"id":"HbCORTSXP0","phrase":"Se eu fosse um refrigerante, seria Soda, porque no meu coração soda você.","userId":"823644589344030790","acceptedFor":"451619591320371213","__v":0},{"likes":{"up":[],"down":[]},"_id":{"$oid":"63b43d42cb17ab4d87532918"},"id":"8zudK7lvLy","phrase":"Eu não sou ursinho de pelúcia, mas me deixa na sua cama","userId":"800022237071409194","acceptedFor":"451619591320371213","__v":0},{"likes":{"up":[],"down":["496359287346692125"]},"_id":{"$oid":"63b43d42cb17ab4d87532919"},"id":"ntk5SDNwQV","phrase":"Penso em você 25 horas por dia. Sabe porquê? Meu coração faz hora extra.","userId":"823644589344030790","acceptedFor":"451619591320371213","__v":0},{"likes":{"up":[],"down":[]},"_id":{"$oid":"63b43d42cb17ab4d8753291a"},"id":"kDthxCgnd1","phrase":"Eu não sou fritura, mas só tenho óleos pra você bb rs","userId":"800022237071409194","acceptedFor":"451619591320371213","__v":0},{"likes":{"up":[],"down":[]},"_id":{"$oid":"63b43d42cb17ab4d8753291c"},"id":"7zlQuCHFM3","phrase":"Pode me reiniciar, foi só te ver que eu travei","userId":"800022237071409194","acceptedFor":"451619591320371213","__v":0},{"likes":{"up":[],"down":[]},"_id":{"$oid":"63b43d42cb17ab4d8753291b"},"id":"miiS78Wnd3","phrase":"Van Gogh só se apaixonou pelo amarelo pq não viu o preto dos seus pés...","userId":"800022237071409194","acceptedFor":"451619591320371213","__v":0},{"likes":{"up":[],"down":[]},"_id":{"$oid":"63b43d42cb17ab4d8753291d"},"id":"kkkpWoVyVv","phrase":"Você é feito de berílio, ouro e titânio, porque você é Be-Au-Ti-Ful!","userId":"577218659609608213","acceptedFor":"451619591320371213","__v":0},{"likes":{"up":[],"down":[]},"_id":{"$oid":"63b43d42cb17ab4d8753291e"},"id":"zgGWp7hPA5","phrase":"Gata, me chama de Pitágoras e vem ser minha hipoteMusa","userId":"800022237071409194","acceptedFor":"451619591320371213","__v":0},{"likes":{"up":[],"down":[]},"_id":{"$oid":"63b43d42cb17ab4d8753291f"},"id":"GyoH5XdR4F","phrase":"Gatx, me chama de Lutero que eu mostro 95 motivos pra você ficar comigo","userId":"800022237071409194","acceptedFor":"451619591320371213","__v":0},{"likes":{"up":[],"down":[]},"_id":{"$oid":"63b43d42cb17ab4d87532920"},"id":"RPhqcPoIaJ","phrase":"você não é o gato mas eu te tacava o pau","userId":"737238491842347098","acceptedFor":"451619591320371213","__v":0},{"likes":{"up":[],"down":[]},"_id":{"$oid":"63b43d42cb17ab4d87532921"},"id":"2OnlihsbZv","phrase":"Eu quero bater pra você e não são palmas","userId":"545189821245685781","acceptedFor":"451619591320371213","__v":0},{"likes":{"up":[],"down":[]},"_id":{"$oid":"63b43d42cb17ab4d87532922"},"id":"MdUHXVZ5vI","phrase":"Você não é o Gojou mas eu sentaria até as pernas bambearem","userId":"351903530161799178","acceptedFor":"451619591320371213","__v":0},{"likes":{"up":["854494598533742622"],"down":[]},"_id":{"$oid":"63b43d42cb17ab4d87532923"},"id":"UG3ty1mBXj","phrase":"te chamo de governo e você me f0d3 até o talo, pode ser?","userId":"351903530161799178","acceptedFor":"451619591320371213","__v":0},{"likes":{"up":[],"down":[]},"_id":{"$oid":"63b43d42cb17ab4d87532924"},"id":"UZU2Tk1bMu","phrase":"Você parece bem fértil. Posso plantar minha mandioca?","userId":"351903530161799178","acceptedFor":"451619591320371213","__v":0},{"likes":{"up":[],"down":[]},"_id":{"$oid":"63b43d42cb17ab4d87532925"},"id":"FTflE9cBZV","phrase":"se minha calcinha tivesse senha, seu dedo seria a biometria dela 😋 😋","userId":"737238491842347098","acceptedFor":"451619591320371213","__v":0},{"likes":{"up":[],"down":[]},"_id":{"$oid":"63b43d42cb17ab4d87532926"},"id":"xC3VYKLEeL","phrase":"me chama de asma que eu te deixo sem ar","userId":"737238491842347098","acceptedFor":"451619591320371213","__v":0},{"likes":{"up":[],"down":[]},"_id":{"$oid":"63b43d42cb17ab4d87532927"},"id":"vA4jEyZF4O","phrase":"lindo rostinho, imagina no meio das mnhs pernas #faleitoleve","userId":"737238491842347098","acceptedFor":"451619591320371213","__v":0},{"likes":{"up":[],"down":[]},"_id":{"$oid":"63b43d42cb17ab4d87532928"},"id":"2pcfDvVQD8","phrase":"eu não sei cozinhar bem, mas vc pode comer a primeira palavra dessa frase","userId":"737238491842347098","acceptedFor":"451619591320371213","__v":0},{"likes":{"up":[],"down":[]},"_id":{"$oid":"63b43d42cb17ab4d87532929"},"id":"C2XkMgXmFi","phrase":"até o feijão vai por cima do arroz, pq eu não posso ir por cima de vc?","userId":"737238491842347098","acceptedFor":"451619591320371213","__v":0},{"likes":{"up":[],"down":[]},"_id":{"$oid":"63b43d42cb17ab4d8753292a"},"id":"iDIN7ZXovK","phrase":"eu não tenho o chip da laricel mas pode botar o quanto quiser na minha larissinha","userId":"737238491842347098","acceptedFor":"451619591320371213","__v":0},{"likes":{"up":[],"down":[]},"_id":{"$oid":"63b43d42cb17ab4d8753292b"},"id":"H64KxF8Oxj","phrase":"vc não é picolé de uva mais pode deixa o céu da minha boca Roxa","userId":"737238491842347098","acceptedFor":"451619591320371213","__v":0},{"likes":{"up":[],"down":[]},"_id":{"$oid":"63b43d42cb17ab4d8753292c"},"id":"uHEpYWJ7Lt","phrase":"vamo brincar de Cinderela,eu sou a fada madrinha as 00:00 faço sua roupa sumir","userId":"737238491842347098","acceptedFor":"451619591320371213","__v":0},{"likes":{"up":[],"down":[]},"_id":{"$oid":"63b43d42cb17ab4d8753292d"},"id":"STaGAHJOjU","phrase":"hey gatinha n sou montanha russa mas vc pode subir e descer gritando","userId":"737238491842347098","acceptedFor":"451619591320371213","__v":0},{"likes":{"up":[],"down":[]},"_id":{"$oid":"63b43d42cb17ab4d8753292e"},"id":"O1T1xtxcl3","phrase":"a chave do seu coração eu já tenho, agora só falta a do meio das pernas","userId":"679089875097616405","acceptedFor":"451619591320371213","__v":0},{"likes":{"up":[],"down":[]},"_id":{"$oid":"63b43d42cb17ab4d8753292f"},"id":"5vX0nl3eON","phrase":"não sou vibrador mas se quiser viro seu brinquedo","userId":"887365598844182568","acceptedFor":"451619591320371213","__v":0},{"likes":{"up":[],"down":[]},"_id":{"$oid":"63b43d42cb17ab4d87532930"},"id":"WRurWbLKr9","phrase":"achei ofensiva sua roupa, tira.","userId":"679089875097616405","acceptedFor":"451619591320371213","__v":0},{"likes":{"up":[],"down":[]},"_id":{"$oid":"63b43d42cb17ab4d87532931"},"id":"t6O0C9b1xx","phrase":"queria que tu fosse travesseiro pra eu colocar só a cabecinha","userId":"737238491842347098","acceptedFor":"451619591320371213","__v":0},{"likes":{"up":[],"down":[]},"_id":{"$oid":"63b43d42cb17ab4d87532932"},"id":"Y7EeN4mfRf","phrase":"mais bonita que sua boca, somente ela nos meus lábios… Não disse quais. 👀","userId":"679089875097616405","acceptedFor":"451619591320371213","__v":0},{"likes":{"up":[],"down":[]},"_id":{"$oid":"63b43d42cb17ab4d87532933"},"id":"slN0bgi6MR","phrase":"você não é asas mas fez minha pomba voar","userId":"887365598844182568","acceptedFor":"451619591320371213","__v":0},{"likes":{"up":[],"down":[]},"_id":{"$oid":"63b43d42cb17ab4d87532934"},"id":"5XTNRxAUpp","phrase":"você não é a lizzy mas fez algo crescer","userId":"887365598844182568","acceptedFor":"451619591320371213","__v":0},{"likes":{"up":[],"down":[]},"_id":{"$oid":"63b43d42cb17ab4d87532935"},"id":"7vAIUuke5B","phrase":"deixa eu beijar sua boca enquanto você geme","userId":"887365598844182568","acceptedFor":"451619591320371213","__v":0},{"likes":{"up":["451619591320371213"],"down":[]},"_id":{"$oid":"63b43d42cb17ab4d87532936"},"id":"7UFBqNFdrS","phrase":"você não é vaca mas posso tirar seu leite?","userId":"887365598844182568","acceptedFor":"451619591320371213","__v":0},{"likes":{"up":[],"down":[]},"_id":{"$oid":"63b43d42cb17ab4d87532937"},"id":"DhsgKbw6OE","phrase":"vc e o chuveiro deveriam competir p ver quem me molha mais","userId":"737238491842347098","acceptedFor":"451619591320371213","__v":0},{"likes":{"up":[],"down":[]},"_id":{"$oid":"63b43d42cb17ab4d87532938"},"id":"JcNsOxtlAF","phrase":"Me chama de favos e deposite seu mel em mim 😳","userId":"351903530161799178","acceptedFor":"451619591320371213","__v":0},{"likes":{"up":["991133417787895828"],"down":[]},"_id":{"$oid":"63b43d42cb17ab4d87532939"},"id":"EUPz1MxNyv","phrase":"Só queria fazer com você aquilo que eu apago no histórico...","userId":"545189821245685781","acceptedFor":"451619591320371213","__v":0},{"likes":{"up":[],"down":[]},"_id":{"$oid":"63b43d42cb17ab4d87532904"},"id":"EgYt2fFwqU","phrase":"Você não é o dinheiro perdido no bolso do casaco, mas fiquei muito feliz de te encontrar!","userId":"743435108090118154","acceptedFor":"451619591320371213","__v":0},{"likes":{"up":[],"down":["854494598533742622"]},"_id":{"$oid":"63b43d42cb17ab4d87532907"},"id":"ueuORR3DES","phrase":"Virei padeiro. Aí me perguntaram se eu tinha sonho. Daí respondi que o meu sonho é você :)","userId":"545189821245685781","acceptedFor":"451619591320371213","__v":0},{"likes":{"up":["541033481199812628"],"down":[]},"_id":{"$oid":"63b43d42cb17ab4d8753293c"},"id":"h4va63anSn","phrase":"me chama de todinho e vem colocar a boca no canudinho","userId":"830226550116057149","acceptedFor":"451619591320371213","__v":0},{"likes":{"up":[],"down":[]},"_id":{"$oid":"63b43d42cb17ab4d8753293d"},"id":"KmD61Ny1F4","phrase":"Quero casar com você como um pato. E ter você PATOda vida, quack🦆","userId":"545189821245685781","acceptedFor":"451619591320371213","__v":0},{"likes":{"up":[],"down":[]},"_id":{"$oid":"63b43d42cb17ab4d8753293e"},"id":"mXdmnnsUDW","phrase":"Não sou cafeína mas te deixo acordada a noite toda.","userId":"545189821245685781","acceptedFor":"451619591320371213","__v":0},{"likes":{"up":["854494598533742622","451619591320371213","607812142090944523"],"down":["423594933362884611"]},"_id":{"$oid":"63b43d42cb17ab4d87532940"},"id":"IUjmwscmTF","phrase":"Não sou a Saphire mas respondo todos aos seus comandos🛐","userId":"545189821245685781","acceptedFor":"451619591320371213","__v":0},{"likes":{"up":[],"down":[]},"_id":{"$oid":"63b43d42cb17ab4d87532942"},"id":"9Bww6xowhu","phrase":"Não sou cadeira mas te deixo sentar em mim quantas vezes quiser.","userId":"545189821245685781","acceptedFor":"451619591320371213","__v":0},{"likes":{"up":[],"down":[]},"_id":{"$oid":"63b43d42cb17ab4d87532943"},"id":"9QsQ4JjEQl","phrase":"Não sou Itaú mas fui feito pra você.","userId":"545189821245685781","acceptedFor":"451619591320371213","__v":0},{"likes":{"up":[],"down":[]},"_id":{"$oid":"63b43d42cb17ab4d87532944"},"id":"cbfgpBGCdr","phrase":"Virei caçador de pássaros, quer ver a minha rola?","userId":"545189821245685781","acceptedFor":"451619591320371213","__v":0},{"likes":{"up":[],"down":[]},"_id":{"$oid":"63b43d42cb17ab4d87532947"},"id":"GbGjzpQ7VB","phrase":"Você não é droga mas me deixa brisado🤤🍃","userId":"545189821245685781","acceptedFor":"451619591320371213","__v":0},{"likes":{"up":[],"down":[]},"_id":{"$oid":"63b43d42cb17ab4d87532946"},"id":"UM5IBJtO85","phrase":"Você não é droga mas tô viciado em você.","userId":"545189821245685781","acceptedFor":"451619591320371213","__v":0},{"likes":{"up":[],"down":[]},"_id":{"$oid":"63b43d42cb17ab4d87532945"},"id":"SuStgmF9wC","phrase":"Me chama de hacker e deixa eu descriptografar esse seu coração bloqueado.","userId":"545189821245685781","acceptedFor":"451619591320371213","__v":0},{"likes":{"up":["854494598533742622"],"down":[]},"_id":{"$oid":"63b43d42cb17ab4d87532948"},"id":"OmgJcZAdCc","phrase":"Você não é copo mas me dá água na boca 😋","userId":"545189821245685781","acceptedFor":"451619591320371213","__v":0},{"likes":{"up":["890733212907749388"],"down":[]},"_id":{"$oid":"63b43d42cb17ab4d87532949"},"id":"U2kBi8NAVb","phrase":"Você não é labirinto mas me deixa perdidinho.","userId":"545189821245685781","acceptedFor":"451619591320371213","__v":0},{"likes":{"up":["854494598533742622"],"down":[]},"_id":{"$oid":"63b43d42cb17ab4d8753294a"},"id":"I6VJl4csu1","phrase":"aproveita essa black friday e leva minha mae de sogra, pra vc é de graça rs","userId":"737238491842347098","acceptedFor":"451619591320371213","__v":0},{"likes":{"up":["854494598533742622"],"down":[]},"_id":{"$oid":"63b43d42cb17ab4d8753294b"},"id":"pWdKZ1fDie","phrase":"é triste saber que nem a matemática sendo tão exata, pode calcular a imensidão do nosso amor","userId":"351903530161799178","acceptedFor":"451619591320371213","__v":0},{"likes":{"up":[],"down":[]},"_id":{"$oid":"63b43d42cb17ab4d8753294d"},"id":"jBX963qI5a","phrase":"Seu pai é padeiro? Porque você é um sonho.","userId":"545189821245685781","acceptedFor":"451619591320371213","__v":0},{"likes":{"up":[],"down":[]},"_id":{"$oid":"63b43d42cb17ab4d8753294c"},"id":"o04wOOuKea","phrase":"Foi horrível estudar por 48h e descobrir que não há como expressar nosso amor pelo português","userId":"351903530161799178","acceptedFor":"451619591320371213","__v":0},{"likes":{"up":[],"down":[]},"_id":{"$oid":"63b43d42cb17ab4d8753294e"},"id":"DYwzgB6uVo","phrase":"pra que ir na academia, se eu fazer agachamento em vc","userId":"737238491842347098","acceptedFor":"451619591320371213","__v":0},{"likes":{"up":[],"down":[]},"_id":{"$oid":"63b43d42cb17ab4d8753294f"},"id":"Mb7SK5IxVT","phrase":"um dedo vc poe a aliança, já os outros..","userId":"737238491842347098","acceptedFor":"451619591320371213","__v":0},{"likes":{"up":[],"down":[]},"_id":{"$oid":"63b43d42cb17ab4d87532950"},"id":"n9waieDKwp","phrase":"querido eu não sou religiosa, mas pra você eu ajoelhava\"","userId":"737238491842347098","acceptedFor":"451619591320371213","__v":0},{"likes":{"up":["854494598533742622"],"down":[]},"_id":{"$oid":"63b43d42cb17ab4d87532951"},"id":"PVhcWK1Bhm","phrase":"Lindx, quem dá golpe é lutador, eu sou igual Rexona, nunca te abandona","userId":"800022237071409194","acceptedFor":"451619591320371213","__v":0},{"likes":{"up":[],"down":[]},"_id":{"$oid":"63b43d42cb17ab4d87532952"},"id":"f6wllU6cAl","phrase":"Desculpa eu ter me apaixonado por você, é que o Proerd não avisou que seu sorriso vicia","userId":"800022237071409194","acceptedFor":"451619591320371213","__v":0},{"likes":{"up":[],"down":[]},"_id":{"$oid":"63b43d42cb17ab4d87532953"},"id":"pLrczEgm5G","phrase":"Educado mesmo é o meu p@u, que levanta pra você sentar😏","userId":"545189821245685781","acceptedFor":"451619591320371213","__v":0},{"likes":{"up":[],"down":[]},"_id":{"$oid":"63b43d42cb17ab4d87532954"},"id":"KwAIRd9iz5","phrase":"Desculpa eu ter me apaixonado por você, é que o Proerd não avisou que seu sorriso vicia","userId":"800022237071409194","acceptedFor":"451619591320371213","__v":0},{"likes":{"up":[],"down":[]},"_id":{"$oid":"63b43d42cb17ab4d87532955"},"id":"xi6yCXdGGk","phrase":"Lindx, quem dá golpe é lutador, eu sou igual Rexona, nunca te abandona","userId":"800022237071409194","acceptedFor":"451619591320371213","__v":0},{"likes":{"up":[],"down":[]},"_id":{"$oid":"63b43d42cb17ab4d87532956"},"id":"wTHAzmA25q","phrase":"Meu amor por você é igual à obra do governo. Nunca acaba.","userId":"838142008560058388","acceptedFor":"451619591320371213","__v":0},{"likes":{"up":[],"down":[]},"_id":{"$oid":"63b43d42cb17ab4d87532957"},"id":"1xRuPGrRUW","phrase":"se você fosse um kiwi eu te comeria 😏","userId":"632343663241986058","acceptedFor":"451619591320371213","__v":0},{"likes":{"up":[],"down":[]},"_id":{"$oid":"63b43d42cb17ab4d87532958"},"id":"C8RfXnVGBS","phrase":"Você não é hentai mas me deixa de p@u duro.","userId":"545189821245685781","acceptedFor":"451619591320371213","__v":0},{"likes":{"up":[],"down":[]},"_id":{"$oid":"63b43d42cb17ab4d87532959"},"id":"phkKm3jGfa","phrase":"natal chegando e eu só queria como faz pavê, pavê vc me puxando pela cintura e me beijando","userId":"737238491842347098","acceptedFor":"451619591320371213","__v":0},{"likes":{"up":[],"down":[]},"_id":{"$oid":"63b43d42cb17ab4d8753295a"},"id":"zPQSigfmzR","phrase":"Você é trap? Porque eu caí na armadilha do seu sorriso.","userId":"545189821245685781","acceptedFor":"451619591320371213","__v":0},{"likes":{"up":[],"down":[]},"_id":{"$oid":"63b43d42cb17ab4d8753295b"},"id":"JyaSL21318","phrase":"agente junto é erro de gramatica, a gente separado é erro do destino","userId":"757574492275867699","acceptedFor":"451619591320371213","__v":0},{"likes":{"up":[],"down":[]},"_id":{"$oid":"63b43d42cb17ab4d8753295c"},"id":"Dwyd7dANin","phrase":"vc não é sorvete mas quero de lamber inteira","userId":"875112195858514050","acceptedFor":"451619591320371213","__v":0},{"likes":{"up":[],"down":["451619591320371213"]},"_id":{"$oid":"63b43d42cb17ab4d8753295d"},"id":"WtRNh4Ylzf","phrase":"gata vc n é comida mas quero te comer","userId":"838142008560058388","acceptedFor":"451619591320371213","__v":0},{"likes":{"up":[],"down":[]},"_id":{"$oid":"63b43d42cb17ab4d8753295e"},"id":"XRuEKzAr83","phrase":"parada você vai ser presa por roubar meu coração","userId":"789946389664104478","acceptedFor":"451619591320371213","__v":0},{"likes":{"up":["854494598533742622"],"down":[]},"_id":{"$oid":"63b43d42cb17ab4d8753295f"},"id":"UKR3ImyfNw","phrase":"meu amor por você é igual os eps de one piece nunca acaba","userId":"789946389664104478","acceptedFor":"451619591320371213","__v":0},{"likes":{"up":["1031567913611698276","1060320397414908016","917548219679002634"],"down":[]},"_id":{"$oid":"63b43d42cb17ab4d87532960"},"id":"IKANsa5YMh","phrase":"gata eu não sou homem aranha, mas com dois dedos te levo nas alturas rs","userId":"737238491842347098","acceptedFor":"451619591320371213","__v":0},{"likes":{"up":[],"down":[]},"_id":{"$oid":"63b43d42cb17ab4d87532961"},"id":"xPRylqbD7E","phrase":"Gata eu nao sou o homem aranha mas quero meter minha teia em vc","userId":"838142008560058388","acceptedFor":"451619591320371213","__v":0},{"likes":{"up":[],"down":["854494598533742622"]},"_id":{"$oid":"63b43d42cb17ab4d87532962"},"id":"iiEAznzb5G","phrase":"gata vc não é super ídol, mais me deixa molhadinho..","userId":"910175168289181746","acceptedFor":"451619591320371213","__v":0},{"likes":{"up":[],"down":[]},"_id":{"$oid":"63b43d42cb17ab4d87532963"},"id":"HKWNMRkHpw","phrase":"Gata vc não é cerveja mas estou tonto de amor por vc","userId":"875112195858514050","acceptedFor":"451619591320371213","__v":0},{"likes":{"up":["451619591320371213"],"down":[]},"_id":{"$oid":"63b43d42cb17ab4d87532964"},"id":"EsT9k9hX7U","phrase":"Gata eu nao sou carregador mas quero colocar minha entrada na sua rsrs","userId":"838142008560058388","acceptedFor":"451619591320371213","__v":0},{"likes":{"up":[],"down":[]},"_id":{"$oid":"63b43d42cb17ab4d87532965"},"id":"8Ls87qVQ8p","phrase":"sabe o quanto te amo? quando tiver de noite olha pro céu e conta as estrelas","userId":"789946389664104478","acceptedFor":"451619591320371213","__v":0},{"likes":{"up":["854494598533742622"],"down":[]},"_id":{"$oid":"63b43d42cb17ab4d87532967"},"id":"TBtkk0J65I","phrase":"se toda vez que eu fechasse os olhos eu te veria eu viveria de olhos fechados","userId":"789946389664104478","acceptedFor":"451619591320371213","__v":0},{"likes":{"up":[],"down":[]},"_id":{"$oid":"63b43d42cb17ab4d87532966"},"id":"OKqjsiMtsB","phrase":"meu amor por você é igual céu e mar não tem fim","userId":"789946389664104478","acceptedFor":"451619591320371213","__v":0},{"likes":{"up":[],"down":[]},"_id":{"$oid":"63b43d42cb17ab4d87532968"},"id":"D0wi0ihkKn","phrase":"Se preto fosse paixão e branco fosse carinho, o que eu sinto por você seria xadrez","userId":"789946389664104478","acceptedFor":"451619591320371213","__v":0},{"likes":{"up":[],"down":[]},"_id":{"$oid":"63b43d42cb17ab4d87532969"},"id":"qvquiRuIeT","phrase":"O que eu sinto por você só pode ser motorista, porque passageiro não é","userId":"789946389664104478","acceptedFor":"451619591320371213","__v":0},{"likes":{"up":["423594933362884611"],"down":[]},"_id":{"$oid":"63b43d42cb17ab4d8753296b"},"id":"ItQe7eprFr","phrase":"maconha é planta. Droga mesmo é te ver mas não ter","userId":"789946389664104478","acceptedFor":"451619591320371213","__v":0},{"likes":{"up":[],"down":[]},"_id":{"$oid":"63b43d42cb17ab4d8753296a"},"id":"CZXo1Dl1KL","phrase":"Se você acredita em salvação, teria como você me salvar da solidão?","userId":"789946389664104478","acceptedFor":"451619591320371213","__v":0},{"likes":{"up":["451619591320371213"],"down":["423594933362884611","1041929447365939291"]},"_id":{"$oid":"63b43d42cb17ab4d8753296c"},"id":"2rSdvx6J51","phrase":"Por acaso seu pai é pirata? Porque você é um tesouro.","userId":"789946389664104478","acceptedFor":"451619591320371213","__v":0},{"likes":{"up":[],"down":[]},"_id":{"$oid":"63b43d42cb17ab4d8753296d"},"id":"KCQgUTtTja","phrase":"Eu não sou Alice, mas, com você, me sinto no País das Maravilhas","userId":"789946389664104478","acceptedFor":"451619591320371213","__v":0},{"likes":{"up":[],"down":[]},"_id":{"$oid":"63b43d42cb17ab4d8753296e"},"id":"bXozbrQQL7","phrase":"Me passa seu Twitter? É que a minha mãe falou para eu seguir o meu sonho","userId":"789946389664104478","acceptedFor":"451619591320371213","__v":0},{"likes":{"up":[],"down":[]},"_id":{"$oid":"63b43d42cb17ab4d8753296f"},"id":"AVQ01UcijH","phrase":"vamos fazer assim eu te dou um beijo se gostar me da outro se n gostar me devolve","userId":"789946389664104478","acceptedFor":"451619591320371213","__v":0},{"likes":{"up":["451619591320371213"],"down":[]},"_id":{"$oid":"63b43d42cb17ab4d87532970"},"id":"ccAe8547al","phrase":"me chama de sofá e pergunta onde tá o controle","userId":"789946389664104478","acceptedFor":"451619591320371213","__v":0},{"likes":{"up":["854494598533742622"],"down":[]},"_id":{"$oid":"63b43d42cb17ab4d87532971"},"id":"sFtsbqxYEo","phrase":"troquei de operadora agora meu plano é pegar você.","userId":"737238491842347098","acceptedFor":"451619591320371213","__v":0},{"likes":{"up":[],"down":[]},"_id":{"$oid":"63b43d42cb17ab4d87532972"},"id":"8MPA0bxGgX","phrase":"Me chama de Nasa que te levo pra lua","userId":"451619591320371213","acceptedFor":"451619591320371213","__v":0},{"likes":{"up":[],"down":[]},"_id":{"$oid":"63b43d42cb17ab4d87532973"},"id":"nLfRwREDJw","phrase":"seu pai e padeiro, pq ele é um sonho","userId":"718530000663478335","acceptedFor":"451619591320371213","__v":0},{"likes":{"up":[],"down":[]},"_id":{"$oid":"63b43d42cb17ab4d87532974"},"id":"bEsr8OMCeL","phrase":"gata vc não é medusa mais quando vi seus olhos eu congelei","userId":"718530000663478335","acceptedFor":"451619591320371213","__v":0},{"likes":{"up":[],"down":[]},"_id":{"$oid":"63b43d42cb17ab4d87532975"},"id":"VxrXUBSG1N","phrase":"Gata meu pinto não é aspirador mais ele suga sua boca 😈","userId":"718530000663478335","acceptedFor":"451619591320371213","__v":0},{"likes":{"up":[],"down":[]},"_id":{"$oid":"63b43d42cb17ab4d87532976"},"id":"A9rwtLnlpy","phrase":"gata eu não sou cavalo mais quero que vc calvague em mim","userId":"718530000663478335","acceptedFor":"451619591320371213","__v":0},{"likes":{"up":[],"down":[]},"_id":{"$oid":"63b43d42cb17ab4d87532977"},"id":"dQ016kdqHS","phrase":"Gata vc não é sono mas estou caidinho por vc","userId":"875112195858514050","acceptedFor":"451619591320371213","__v":0},{"likes":{"up":["1060320397414908016","991133417787895828"],"down":[]},"_id":{"$oid":"63b43d42cb17ab4d8753293a"},"id":"MpTAQY0Usw","phrase":"Me aceita que vou te fuder mais do que o governo kkkkk😈","userId":"545189821245685781","acceptedFor":"451619591320371213","__v":0},{"likes":{"up":[],"down":[]},"_id":{"$oid":"63b43d42cb17ab4d8753297b"},"id":"6sCAm0loaN","phrase":"preciso dar um rumo na minha vida, mas só penso em dar pra vc","userId":"737238491842347098","acceptedFor":"451619591320371213","__v":0},{"likes":{"up":[],"down":[]},"_id":{"$oid":"63b43d42cb17ab4d8753297c"},"id":"JLWxtIlIgw","phrase":"Só queria que você fosse como eu, e eu como você 😔","userId":"545189821245685781","acceptedFor":"451619591320371213","__v":0},{"likes":{"up":[],"down":[]},"_id":{"$oid":"63b43d42cb17ab4d8753297d"},"id":"0yLP9cGagW","phrase":"Você não é droga mas fiquei viciado🤤","userId":"545189821245685781","acceptedFor":"451619591320371213","__v":0},{"likes":{"up":[],"down":[]},"_id":{"$oid":"63b43d42cb17ab4d8753297e"},"id":"jZkSqmxHzW","phrase":"gata vc não é comida mais eu gastaria todo meu dinheiro em você","userId":"718530000663478335","acceptedFor":"451619591320371213","__v":0},{"likes":{"up":[],"down":[]},"_id":{"$oid":"63b43d42cb17ab4d8753297f"},"id":"Gf1vXHFRoA","phrase":"comendo quiabo: 🤢🤢🤮🤢🤮🤮🤮🤢🤮\ncomendo seu rabo: 😍🥰🤩😘😍🥰😘😍😍","userId":"656155552719831045","acceptedFor":"451619591320371213","__v":0},{"likes":{"up":[],"down":[]},"_id":{"$oid":"63b43d42cb17ab4d87532980"},"id":"RwO6LZtwW2","phrase":"Vem passar o dia aqui em casa, de dia vc come linguiça, de noite a linguiça te come.","userId":"840793805233717258","acceptedFor":"451619591320371213","__v":0},{"likes":{"up":[],"down":[]},"_id":{"$oid":"63b43d42cb17ab4d87532981"},"id":"oAKlMhvvU8","phrase":"gata vc não é cama mais eu deitaria em cima de vc o dia todo","userId":"718530000663478335","acceptedFor":"451619591320371213","__v":0},{"likes":{"up":[],"down":[]},"_id":{"$oid":"63b43d42cb17ab4d87532983"},"id":"BzKR6hQnN3","phrase":"você come rato? pq vc é uma gatinha 😏🐀🔥","userId":"656155552719831045","acceptedFor":"451619591320371213","__v":0},{"likes":{"up":[],"down":[]},"_id":{"$oid":"63b43d42cb17ab4d87532982"},"id":"SCOFESR4AZ","phrase":"Gata vose é refrigeranti? Pq soda.vose no meu corasao","userId":"854801328478879814","acceptedFor":"451619591320371213","__v":0},{"likes":{"up":["854494598533742622"],"down":[]},"_id":{"$oid":"63b43d42cb17ab4d87532984"},"id":"4T2euBH1QW","phrase":"Por acaso você vive dentro de um baú? Porque você é um tesouro","userId":"545189821245685781","acceptedFor":"451619591320371213","__v":0},{"likes":{"up":["451619591320371213"],"down":["830226550116057149","904891162362519562"]},"_id":{"$oid":"63b43d42cb17ab4d87532986"},"id":"OqJ1WQKNK2","phrase":"passei pelo fogo n me queimei, passei pela água n me molhei, passei por vc e me apaixonei","userId":"757574492275867699","acceptedFor":"451619591320371213","__v":0},{"likes":{"up":[],"down":[]},"_id":{"$oid":"63b43d42cb17ab4d87532987"},"id":"cF3nZCwqVH","phrase":"gata eu sei que você eu muita areia pro meu caminhãozinho mais eu posso te levar em um saco de areia pra minha vida","userId":"718530000663478335","acceptedFor":"451619591320371213","__v":0},{"likes":{"up":[],"down":[]},"_id":{"$oid":"63b43d42cb17ab4d87532988"},"id":"VGxxoDmWNm","phrase":"moana, eu sei q tem vaga no seu clan, mas e na sua vida? tem vaga pra mim?","userId":"927708533636616272","acceptedFor":"451619591320371213","__v":0},{"likes":{"up":[],"down":[]},"_id":{"$oid":"63b43d42cb17ab4d87532989"},"id":"okUeisb2T1","phrase":"Seu nome não é Free Fire mas é a causadora da minha insônia","userId":"480466269083271168","acceptedFor":"451619591320371213","__v":0},{"likes":{"up":[],"down":[]},"_id":{"$oid":"63b43d42cb17ab4d8753298a"},"id":"uSwD1zJwvZ","phrase":"gata vc não e comida mais eu te como mesmo assim","userId":"718530000663478335","acceptedFor":"451619591320371213","__v":0},{"likes":{"up":[],"down":[]},"_id":{"$oid":"63b43d42cb17ab4d8753298c"},"id":"iiQHXKDfCY","phrase":"vamo assistir peppa pig e cada vez que aparecer um porco a gente se beijar <@507982841188057099>","userId":"930227676717920287","acceptedFor":"451619591320371213","__v":0},{"likes":{"up":[],"down":[]},"_id":{"$oid":"63b43d42cb17ab4d8753298b"},"id":"YpOa4lVk6n","phrase":"Me chama de urna eletrônica e me dá seu voto de confiança.","userId":"909706460609523764","acceptedFor":"451619591320371213","__v":0},{"likes":{"up":[],"down":[]},"_id":{"$oid":"63b43d42cb17ab4d8753298d"},"id":"BbrqPjR7V0","phrase":"Voce não é McDonald's mas eu me acabo em você","userId":"480466269083271168","acceptedFor":"451619591320371213","__v":0},{"likes":{"up":[],"down":[]},"_id":{"$oid":"63b43d42cb17ab4d8753298e"},"id":"bCYjc6VFot","phrase":"Eu não sou o Luciano Huck, mas eu quero você no meu lar doce lar!","userId":"909706460609523764","acceptedFor":"451619591320371213","__v":0},{"likes":{"up":[],"down":[]},"_id":{"$oid":"63b43d42cb17ab4d8753298f"},"id":"5Jo03D3M5w","phrase":"Um dia me perguntaram:\"O que você viu nela (nele)?\". Eu respondi: \"O que faltava em mim\".","userId":"909706460609523764","acceptedFor":"451619591320371213","__v":0},{"likes":{"up":["854494598533742622"],"down":[]},"_id":{"$oid":"63b43d42cb17ab4d87532990"},"id":"teDqaN5iv0","phrase":"Você é um(a) mágico(a)? Porque toda vez que eu olho para você, o resto do mundo desaparece.","userId":"909706460609523764","acceptedFor":"451619591320371213","__v":0},{"likes":{"up":["991133417787895828"],"down":[]},"_id":{"$oid":"63b43d42cb17ab4d87532991"},"id":"Hw5N41eYH5","phrase":"Você não é meu pé mas me ajuda a levantar","userId":"480466269083271168","acceptedFor":"451619591320371213","__v":0},{"likes":{"up":[],"down":[]},"_id":{"$oid":"63b43d42cb17ab4d87532992"},"id":"nMWBtNuxfB","phrase":"me chama de lagartixa e me taca na parede","userId":"873980673558454323","acceptedFor":"451619591320371213","__v":0},{"likes":{"up":[],"down":[]},"_id":{"$oid":"63b43d42cb17ab4d87532993"},"id":"B2p90JK622","phrase":"Você não é massagem cardíaca, mas toca e reanima o meu coração!","userId":"909706460609523764","acceptedFor":"451619591320371213","__v":0},{"likes":{"up":[],"down":[]},"_id":{"$oid":"63b43d42cb17ab4d87532994"},"id":"pjVft2cpd9","phrase":"Eu queria ser grego, mas grego eu não posso ser, porque grego tem várias deusas e minha única deusa é você.","userId":"909706460609523764","acceptedFor":"451619591320371213","__v":0},{"likes":{"up":[],"down":["451619591320371213","496359287346692125","516048524388073516"]},"_id":{"$oid":"63b43d42cb17ab4d87532995"},"id":"wdD59ysdZS","phrase":"Que tudo na sua vida brilhe como seus olhos, seja maravilhoso como seu coração, e linda como você.","userId":"909706460609523764","acceptedFor":"451619591320371213","__v":0},{"likes":{"up":[],"down":[]},"_id":{"$oid":"63b43d42cb17ab4d87532996"},"id":"edeyq0jrtR","phrase":"me chama de mina terrestre e pisa em mim","userId":"873980673558454323","acceptedFor":"451619591320371213","__v":0},{"likes":{"up":["451619591320371213"],"down":["541033481199812628"]},"_id":{"$oid":"63b43d42cb17ab4d87532997"},"id":"mc1WeQIQKg","phrase":"Aristóteles e Sócrates estavam filosofando, Sócrates vira pra Aristóteles e fala: po man a gente deveria por um significado pra perfeição, ai o Aristóteles fala: felp 😍😍😍😢👏 <@727262205665345619>","userId":"771553344937656340","acceptedFor":"451619591320371213","__v":0},{"likes":{"up":[],"down":[]},"_id":{"$oid":"63b43d42cb17ab4d87532998"},"id":"2QUF5Qpcve","phrase":"Já imaginei como seria a nossa vida juntos muitas vezes, mas tenho certeza de que nem o mais louco dos sonhos iria se comparar com a realidade de ter você ao meu lado.","userId":"737238491842347098","acceptedFor":"451619591320371213","__v":0},{"likes":{"up":[],"down":[]},"_id":{"$oid":"63b43d42cb17ab4d87532999"},"id":"bw0396iq8e","phrase":"Você não é despertador mas desperta a dor do meu peito de não ter você por perto :(","userId":"545189821245685781","acceptedFor":"451619591320371213","__v":0},{"likes":{"up":[],"down":[]},"_id":{"$oid":"63b43d42cb17ab4d8753299c"},"id":"x9UFkwaEo7","phrase":"Qual Xampu você usa? Tem o cheiro de amor da minha vida","userId":"545189821245685781","acceptedFor":"451619591320371213","__v":0},{"likes":{"up":[],"down":[]},"_id":{"$oid":"63b43d42cb17ab4d8753299a"},"id":"LBpEJGOcUV","phrase":"Já pensou em se mudar? Tipo, morar lá dentro do meu coração??","userId":"545189821245685781","acceptedFor":"451619591320371213","__v":0},{"likes":{"up":[],"down":[]},"_id":{"$oid":"63b43d42cb17ab4d8753299b"},"id":"Nq1Kz7L1ov","phrase":"Se você fosse o mar eu me afogava em suas ondas","userId":"545189821245685781","acceptedFor":"451619591320371213","__v":0},{"likes":{"up":[],"down":[]},"_id":{"$oid":"63b43d42cb17ab4d8753299d"},"id":"RC6RjWemKB","phrase":"Você não é saco de arroz mas dava um tapão nesse teu rabo","userId":"545189821245685781","acceptedFor":"451619591320371213","__v":0},{"likes":{"up":[],"down":[]},"_id":{"$oid":"63b43d42cb17ab4d8753299f"},"id":"49DKo8azL7","phrase":"você não é Elizabeth, mas fez minha pressão cair.","userId":"840793805233717258","acceptedFor":"451619591320371213","__v":0},{"likes":{"up":["854494598533742622"],"down":[]},"_id":{"$oid":"63b43d42cb17ab4d875329a0"},"id":"F5GKOiMKvw","phrase":"tu conhece a gi? a gigantesca vontade que tenho de beijar você rs","userId":"737238491842347098","acceptedFor":"451619591320371213","__v":0},{"likes":{"up":["451619591320371213"],"down":[]},"_id":{"$oid":"63b43d42cb17ab4d875329a1"},"id":"AeWkxcFhY6","phrase":"gata vc e ácido sulfúrico? Por que queimou meu coração","userId":"718530000663478335","acceptedFor":"451619591320371213","__v":0},{"likes":{"up":[],"down":[]},"_id":{"$oid":"63b43d42cb17ab4d8753299e"},"id":"fkyn2p19sr","phrase":"gata, eu nao sou bom na cozinha, mas seu cozinho ate eu como😋","userId":"656155552719831045","acceptedFor":"451619591320371213","__v":0},{"likes":{"up":[],"down":[]},"_id":{"$oid":"63b43d42cb17ab4d875329a2"},"id":"mw38n4JKL2","phrase":"nem vem me chamar de bebê por que no final quem vai mamar é você","userId":"480588343898537985","acceptedFor":"451619591320371213","__v":0},{"likes":{"up":[],"down":[]},"_id":{"$oid":"63b43d42cb17ab4d875329a3"},"id":"AN6AjpbPfK","phrase":"eu prefiro maionese mas você kerkeeutchupe ?","userId":"480588343898537985","acceptedFor":"451619591320371213","__v":0},{"likes":{"up":["541033481199812628"],"down":[]},"_id":{"$oid":"63b43d42cb17ab4d875329a4"},"id":"wj7UvuEYX4","phrase":"vem aki em casa jogar um videogame, mas com uma condição, você que vai ser o controle","userId":"480588343898537985","acceptedFor":"451619591320371213","__v":0},{"likes":{"up":[],"down":[]},"_id":{"$oid":"63b43d42cb17ab4d875329a5"},"id":"ESGkXl6T3W","phrase":"você não é apontador mas você me permite enfiar meu lápis em você?","userId":"480588343898537985","acceptedFor":"451619591320371213","__v":0},{"likes":{"up":[],"down":["854494598533742622","451619591320371213"]},"_id":{"$oid":"63b43d42cb17ab4d875329a6"},"id":"wGHjl5TfMI","phrase":"sua boca na minha, rola ?\n\nvocê que escolhe se é com vírgula ou sem","userId":"480588343898537985","acceptedFor":"451619591320371213","__v":0},{"likes":{"up":[],"down":[]},"_id":{"$oid":"63b43d42cb17ab4d875329a7"},"id":"ipq5d5NQcr","phrase":"prometo que vou cuidar se você, mesmo você não sabendo cuidar nem de mim, Te amo!","userId":"480588343898537985","acceptedFor":"451619591320371213","__v":0},{"likes":{"up":[],"down":[]},"_id":{"$oid":"63b43d42cb17ab4d875329a9"},"id":"FQjstHAKgU","phrase":"seu pai é padeiro?porque sua mãe é um sonho","userId":"938108120402628668","acceptedFor":"451619591320371213","__v":0},{"likes":{"up":[],"down":[]},"_id":{"$oid":"63b43d42cb17ab4d875329a8"},"id":"RseATFVKkf","phrase":"o pavê eu já comi, mas e você vou comer quando?","userId":"480588343898537985","acceptedFor":"451619591320371213","__v":0},{"likes":{"up":[],"down":[]},"_id":{"$oid":"63b43d42cb17ab4d875329aa"},"id":"slCHXfUlKi","phrase":"gata vc e cobertor? Por que quero que você fique por cima de mim 😈","userId":"718530000663478335","acceptedFor":"451619591320371213","__v":0},{"likes":{"up":["917548219679002634"],"down":[]},"_id":{"$oid":"63b43d42cb17ab4d875329ab"},"id":"cxue9K4B5l","phrase":"preciso estudar mitologia de novo, pq essa deusa nunca tinha visto","userId":"840793805233717258","acceptedFor":"451619591320371213","__v":0},{"likes":{"up":[],"down":[]},"_id":{"$oid":"63b43d42cb17ab4d875329ac"},"id":"DheMtZmDsa","phrase":"sabe como descobrir se a pessoa gosta de vc? Só chegar nela e falar \"vc gosta de mim?\" Por que eu gosto","userId":"718530000663478335","acceptedFor":"451619591320371213","__v":0},{"likes":{"up":[],"down":[]},"_id":{"$oid":"63b43d42cb17ab4d875329b0"},"id":"MikMyC9Y1A","phrase":"gata vc e de hogwarts? Por que fez minha varinha crescer","userId":"718530000663478335","acceptedFor":"451619591320371213","__v":0},{"likes":{"up":[],"down":["423594933362884611","1041929447365939291"]},"_id":{"$oid":"63b43d42cb17ab4d875329ae"},"id":"Nn22TnsE9K","phrase":"Você não é sinal vermelho mas hoje você 'tá' de parar o trânsito","userId":"846924830824726541","acceptedFor":"451619591320371213","__v":0},{"likes":{"up":[],"down":[]},"_id":{"$oid":"63b43d42cb17ab4d875329af"},"id":"d5XcEuTQzY","phrase":"vc nasceu em outubro? Pq vc é 10/10 ,_,","userId":"909600356332339211","acceptedFor":"451619591320371213","__v":0},{"likes":{"up":[],"down":[]},"_id":{"$oid":"63b43d42cb17ab4d875329ad"},"id":"p8VFI4qoBy","phrase":"gata tu e mexicana? Pq tu mexi cmg","userId":"846924830824726541","acceptedFor":"451619591320371213","__v":0},{"likes":{"up":["1060320397414908016"],"down":[]},"_id":{"$oid":"63b43d42cb17ab4d875329b1"},"id":"hAkuaECYqx","phrase":"gata eu não sou café mas te faço ficar acordada a noite toda","userId":"785611632986161164","acceptedFor":"451619591320371213","__v":0},{"likes":{"up":["890733212907749388","991133417787895828"],"down":["904891162362519562","1032659576794910730","541033481199812628","854494598533742622","744606773511585933","970059523928760390","435444989695229952","451619591320371213"]},"_id":{"$oid":"63b43d42cb17ab4d875329b3"},"id":"Xqec5QS1uU","phrase":"gata seu pai e pedreiro? Pq ele sabe macetar bem","userId":"846924830824726541","acceptedFor":"451619591320371213","__v":0},{"likes":{"up":[],"down":[]},"_id":{"$oid":"63b43d42cb17ab4d875329b4"},"id":"iyvUuE5lrh","phrase":"você não é Elizabeth, mas fez minha pressão cair","userId":"840793805233717258","acceptedFor":"451619591320371213","__v":0},{"likes":{"up":[],"down":["423594933362884611"]},"_id":{"$oid":"63b43d42cb17ab4d875329b5"},"id":"kxl6doGMrj","phrase":"Tenho um colchão entra dois sai três, quer experimentar?","userId":"545189821245685781","acceptedFor":"451619591320371213","__v":0},{"likes":{"up":[],"down":[]},"_id":{"$oid":"63b43d42cb17ab4d875329b6"},"id":"Z9b5N3mfXy","phrase":"eu não sou casas bahia, mas prometo dedicação total a você","userId":"737238491842347098","acceptedFor":"451619591320371213","__v":0},{"likes":{"up":[],"down":[]},"_id":{"$oid":"63b43d42cb17ab4d875329b9"},"id":"nFItmHvJQ8","phrase":"Gosta de música? Pode deixar que toco uma pra você","userId":"545189821245685781","acceptedFor":"451619591320371213","__v":0},{"likes":{"up":[],"down":[]},"_id":{"$oid":"63b43d42cb17ab4d875329b7"},"id":"S4zBCgYCW2","phrase":"Me chame de unicórnio q eu te levo até o céu kkkj","userId":"907457671886680094","acceptedFor":"451619591320371213","__v":0},{"likes":{"up":[],"down":[]},"_id":{"$oid":"63b43d42cb17ab4d875329b8"},"id":"eQ6wjEP34C","phrase":"você é do mortal kombat? porque sua beleza me deu fatalitykkkkkkj","userId":"656155552719831045","acceptedFor":"451619591320371213","__v":0},{"likes":{"up":[],"down":[]},"_id":{"$oid":"63b43d42cb17ab4d875329ba"},"id":"TzjF4dB0yv","phrase":"Entre Star Wars e Star Trek eu queria mesmo era star com você rs","userId":"656155552719831045","acceptedFor":"451619591320371213","__v":0},{"likes":{"up":[],"down":[]},"_id":{"$oid":"63b43d42cb17ab4d875329bb"},"id":"ySQf7Tk8zS","phrase":"Não sou cadeira mas pode sentar em mim o dia todo","userId":"545189821245685781","acceptedFor":"451619591320371213","__v":0},{"likes":{"up":[],"down":[]},"_id":{"$oid":"63b43d42cb17ab4d87532979"},"id":"isnGZ20NZe","phrase":"Você é o ovo que faltava na minha marmita","userId":"656155552719831045","acceptedFor":"451619591320371213","__v":0},{"likes":{"up":[],"down":[]},"_id":{"$oid":"63b43d42cb17ab4d875329c3"},"id":"W7XbBfHUEI","phrase":"Oi, você é eletricista? Porque você iluminou o meu dia.","userId":"910869328637857852","acceptedFor":"451619591320371213","__v":0},{"likes":{"up":[],"down":[]},"_id":{"$oid":"63b43d42cb17ab4d875329c9"},"id":"C3fc3p0qvf","phrase":"Onde é que eu deixo meu currículo para concorrer a vaga de amor da sua vida?","userId":"910869328637857852","acceptedFor":"451619591320371213","__v":0},{"likes":{"up":["854494598533742622","541033481199812628"],"down":[]},"_id":{"$oid":"63b43d42cb17ab4d875329be"},"id":"KdGofMXqOC","phrase":"Você é como o google, tudo oque eu procuro, eu encontro em você.","userId":"910869328637857852","acceptedFor":"451619591320371213","__v":0},{"likes":{"up":[],"down":[]},"_id":{"$oid":"63b43d42cb17ab4d875329c2"},"id":"dCq0uxbBd4","phrase":"Gata, você é manicure? Então me diz como é que eu posso me livrar das garras desse amor gostoso.","userId":"910869328637857852","acceptedFor":"451619591320371213","__v":0},{"likes":{"up":[],"down":[]},"_id":{"$oid":"63b43d42cb17ab4d875329c4"},"id":"I6iKk494Wb","phrase":"Igual a você, nem o Google encontra","userId":"910869328637857852","acceptedFor":"451619591320371213","__v":0},{"likes":{"up":["541033481199812628"],"down":[]},"_id":{"$oid":"63b43d42cb17ab4d875329c5"},"id":"ZTnxmMYWr3","phrase":"Eu queria ser grego, mas grego não posso ser, porque grego tem várias deusas e a minha única deusa é você.","userId":"910869328637857852","acceptedFor":"451619591320371213","__v":0},{"likes":{"up":["451619591320371213"],"down":[]},"_id":{"$oid":"63b43d42cb17ab4d875329cc"},"id":"yinztgobNQ","phrase":"Desculpa, eu não sou daqui mas queria saber, onde fica a estrada que leva para o seu coração?","userId":"910869328637857852","acceptedFor":"451619591320371213","__v":0},{"likes":{"up":["451619591320371213","854494598533742622"],"down":["904891162362519562","541033481199812628"]},"_id":{"$oid":"63b43d42cb17ab4d875329c7"},"id":"FMJMRojjwr","phrase":"rosas são vermelhas, o leite vira queijo, queria saber quando a gente vai dar uns beijos","userId":"910869328637857852","acceptedFor":"451619591320371213","__v":0},{"likes":{"up":[],"down":[]},"_id":{"$oid":"63b43d42cb17ab4d875329c6"},"id":"Yf8FUrOgxe","phrase":"Minha boca e o Sol, e a sua e a Lua, no eclipse do amor minha boca beija a tua.","userId":"910869328637857852","acceptedFor":"451619591320371213","__v":0},{"likes":{"up":["451619591320371213"],"down":[]},"_id":{"$oid":"63b43d42cb17ab4d875329bd"},"id":"UaGTH4kXZF","phrase":"Cama arrumada, TV ligada, Netflix paga, coberta... Só falta você pra completar.","userId":"545189821245685781","acceptedFor":"451619591320371213","__v":0},{"likes":{"up":[],"down":[]},"_id":{"$oid":"63b43d42cb17ab4d875329cb"},"id":"BdlAyFkZv8","phrase":"eu não sou de exatas, mas sei que eu+você dá 69","userId":"737238491842347098","acceptedFor":"451619591320371213","__v":0},{"likes":{"up":[],"down":[]},"_id":{"$oid":"63b43d42cb17ab4d875329bf"},"id":"q3fI4k5KrM","phrase":"Gata, ultimamente eu tô fugindo dos problemas mais se o problema for você, eu vou até buscar","userId":"862759709063905280","acceptedFor":"451619591320371213","__v":0},{"likes":{"up":[],"down":[]},"_id":{"$oid":"63b43d42cb17ab4d875329c0"},"id":"q7yIYNOOII","phrase":"Se o Amor fosse uma tabela periódica, você seria meu oxigênio, porque quando você está longe, eu não sei viver","userId":"910869328637857852","acceptedFor":"451619591320371213","__v":0},{"likes":{"up":["854494598533742622","423594933362884611"],"down":[]},"_id":{"$oid":"63b43d42cb17ab4d875329ca"},"id":"RaWrZ0js57","phrase":"Tem um brigadeiro e um beijinho em cima da mesa, o brigadeiro rolou e caiu, e o beijinho, será que rola?","userId":"910869328637857852","acceptedFor":"451619591320371213","__v":0},{"likes":{"up":[],"down":[]},"_id":{"$oid":"63b43d42cb17ab4d875329c8"},"id":"HPO5jrnpNa","phrase":"Se as estrelas fossem tão lindas quanto você, eu passaria noites em claro olhando para o céu.","userId":"910869328637857852","acceptedFor":"451619591320371213","__v":0},{"likes":{"up":["854494598533742622","451619591320371213"],"down":[]},"_id":{"$oid":"63b43d42cb17ab4d8753297a"},"id":"uXyhfsfYiR","phrase":"voce nao é pao mas eu quero colocar minha salsicha em você❤️","userId":"656155552719831045","acceptedFor":"451619591320371213","__v":0},{"likes":{"up":[],"down":[]},"_id":{"$oid":"63b43d42cb17ab4d875329cd"},"id":"l6vYftLC1e","phrase":"Gata, eu não sou o pikachu, mas posso te dar um choque do rabão.","userId":"930724576277700608","acceptedFor":"451619591320371213","__v":0},{"likes":{"up":["423594933362884611","1041929447365939291"],"down":[]},"_id":{"$oid":"63b43d42cb17ab4d875329ce"},"id":"zuOSj05VaC","phrase":"É pecado desejar uma deusa igual a você?","userId":"545189821245685781","acceptedFor":"451619591320371213","__v":0},{"likes":{"up":[],"down":[]},"_id":{"$oid":"63b43d42cb17ab4d875329cf"},"id":"azh99rrHNW","phrase":"Gata Vc Nasceu em 10 de outubro? Pq é a 10/10","userId":"907457671886680094","acceptedFor":"451619591320371213","__v":0},{"likes":{"up":[],"down":[]},"_id":{"$oid":"63b43d42cb17ab4d875329d5"},"id":"B4Xw5Ltg1y","phrase":"Se beleza fosse cryme, você pegaria prisão perpétua 😘","userId":"656155552719831045","acceptedFor":"451619591320371213","__v":0},{"likes":{"up":["541033481199812628","854494598533742622"],"down":[]},"_id":{"$oid":"63b43d42cb17ab4d875329d1"},"id":"yN3B5CXJas","phrase":"Pandemia fechou tudo mas eu tô abertinho pra você","userId":"656155552719831045","acceptedFor":"451619591320371213","__v":0},{"likes":{"up":[],"down":[]},"_id":{"$oid":"63b43d42cb17ab4d875329d0"},"id":"o74sFatVLE","phrase":"gato não sou quebra-cabeça mas encaixo direitinho em vc","userId":"862759709063905280","acceptedFor":"451619591320371213","__v":0},{"likes":{"up":[],"down":[]},"_id":{"$oid":"63b43d42cb17ab4d875329d8"},"id":"NaPyu35Tzr","phrase":"Basicamente, eu odeio todo mundo, menos você.","userId":"656155552719831045","acceptedFor":"451619591320371213","__v":0},{"likes":{"up":[],"down":[]},"_id":{"$oid":"63b43d42cb17ab4d875329d2"},"id":"OnSJQKrXzW","phrase":"se você sorrir, é com patati, se você quer beijar é só me chamar bebê, se você quiser sorrir e beijar vamos namorar","userId":"656155552719831045","acceptedFor":"451619591320371213","__v":0},{"likes":{"up":[],"down":[]},"_id":{"$oid":"63b43d42cb17ab4d875329d6"},"id":"hKKOg81Nb1","phrase":"Te amo tanto que pagaria 150k da Saphire pra casar com você. Muito caro","userId":"545189821245685781","acceptedFor":"451619591320371213","__v":0},{"likes":{"up":[],"down":[]},"_id":{"$oid":"63b43d42cb17ab4d875329da"},"id":"xQPGSjqfeN","phrase":"Tenho 70 maneiras de te animar. A primeira é um grande abraço. E o resto é 69.","userId":"545189821245685781","acceptedFor":"451619591320371213","__v":0},{"likes":{"up":[],"down":[]},"_id":{"$oid":"63b43d42cb17ab4d875329d9"},"id":"YcZsn1crZB","phrase":"Gata, você não é uma Geladeira Eletrolux mas me deixa feliz","userId":"860219303197671426","acceptedFor":"451619591320371213","__v":0},{"likes":{"up":[],"down":[]},"_id":{"$oid":"63b43d42cb17ab4d875329d7"},"id":"DwgwWQupSd","phrase":"Não sou o Mario mas te comeria atrás do armário","userId":"545189821245685781","acceptedFor":"451619591320371213","__v":0},{"likes":{"up":[],"down":[]},"_id":{"$oid":"63b43d42cb17ab4d875329dd"},"id":"ZBXsVLbtog","phrase":"Você faz aula de canto? ent vamo ali no canto que te dou uma aula","userId":"818582524518334476","acceptedFor":"451619591320371213","__v":0},{"likes":{"up":["451619591320371213","854494598533742622"],"down":["904891162362519562"]},"_id":{"$oid":"63b43d42cb17ab4d875329db"},"id":"dNwPd7LPTj","phrase":"Você não é sorvete, mas eu te chuparia todo dia","userId":"451619591320371213","acceptedFor":"451619591320371213","__v":0},{"likes":{"up":[],"down":[]},"_id":{"$oid":"63b43d42cb17ab4d875329d3"},"id":"AIJ4zlXIob","phrase":"Se você fosse cofrinho depositava todo o meu amor em você","userId":"545189821245685781","acceptedFor":"451619591320371213","__v":0},{"likes":{"up":["496359287346692125","451619591320371213"],"down":[]},"_id":{"$oid":"63b43d42cb17ab4d875329dc"},"id":"eVuqZV83zG","phrase":"voce não é arroz de mercado, mas vou te encher de tapa","userId":"818582524518334476","acceptedFor":"451619591320371213","__v":0},{"likes":{"up":[],"down":[]},"_id":{"$oid":"63b43d42cb17ab4d875329de"},"id":"QOajfUkauP","phrase":"você não é sofá, mas eu sentava em você todo dia","userId":"818582524518334476","acceptedFor":"451619591320371213","__v":0},{"likes":{"up":[],"down":[]},"_id":{"$oid":"63b43d42cb17ab4d875329df"},"id":"K3Qg9qAPJb","phrase":"é aniversário de alguem? e esses dois balão gigante no seu peito?","userId":"818582524518334476","acceptedFor":"451619591320371213","__v":0},{"likes":{"up":["991133417787895828"],"down":[]},"_id":{"$oid":"63b43d42cb17ab4d875329e1"},"id":"1rHJAeHwuW","phrase":"eu n sou pimenta mas qnd vc me ve eu fico toda(o/e) suada(o/e)","userId":"885631845113413693","acceptedFor":"451619591320371213","__v":0},{"likes":{"up":[],"down":["854494598533742622","904891162362519562"]},"_id":{"$oid":"63b43d42cb17ab4d875329e0"},"id":"QQrIgcqVMU","phrase":"Voce é fazendeiro? Não? Então explica esse pepino na sua calça","userId":"451619591320371213","acceptedFor":"451619591320371213","__v":0},{"likes":{"up":[],"down":[]},"_id":{"$oid":"63b43d42cb17ab4d875329bc"},"id":"NMYqMnD0Qs","phrase":"Te convido a assistir netflix comigo na minha casa. Prós: não tem netfix. Contras: nenhum só vem bb","userId":"545189821245685781","acceptedFor":"451619591320371213","__v":0},{"likes":{"up":[],"down":[]},"_id":{"$oid":"63b43d42cb17ab4d875329c1"},"id":"C5VXtEJeb7","phrase":"Você tem um mapa? Pq eu me perdi no brilho dos teus olhos.","userId":"611006830411251714","acceptedFor":"451619591320371213","__v":0},{"likes":{"up":[],"down":[]},"_id":{"$oid":"63b43e29c443e65922f32386"},"id":"nbTM2izIao","phrase":"eu queria muito fazer com você aquilo que começa com S......... ser o amor da sua vida","userId":"607812142090944523","acceptedFor":"854494598533742622","__v":0},{"likes":{"up":["451619591320371213"],"down":[]},"_id":{"$oid":"63b44389a3489c2fd05cf90c"},"id":"mA4yovi1qo","phrase":"Queria ser um obeso, mas um obeso não posso ser, um obeso quer comer qualquer coisa, e eu só queria comer você!","userId":"830226550116057149","acceptedFor":"830226550116057149","__v":0},{"likes":{"up":[],"down":["904891162362519562"]},"_id":{"$oid":"63b4450da3489c2fd05cfa4c"},"id":"L1jg3s18w3","phrase":"Você não é a Netflix mas eu ficaria te vendo por horas todos os dias","userId":"451619591320371213","acceptedFor":"854494598533742622","__v":0},{"likes":{"up":[],"down":[]},"_id":{"$oid":"63b445cca3489c2fd05cfb0c"},"id":"9iAl786W2j","phrase":"Você não é minha playlist, mas te ouviria o dia inteiro","userId":"451619591320371213","acceptedFor":"854494598533742622","__v":0},{"likes":{"up":[],"down":[]},"_id":{"$oid":"63b446ada3489c2fd05cfbd6"},"id":"KRiXGApY2G","phrase":"você não é pelé mais é a rainha das minhas bolas","userId":"830226550116057149","acceptedFor":"854494598533742622","__v":0},{"likes":{"up":[],"down":[]},"_id":{"$oid":"63b446cfa3489c2fd05cfbfa"},"id":"kaRWSVb0nE","phrase":"Me chama de papai noel e coloca o saco nas minhas costas","userId":"830226550116057149","acceptedFor":"451619591320371213","__v":0},{"likes":{"up":["451619591320371213","854494598533742622"],"down":["541033481199812628","1026653273412861952"]},"_id":{"$oid":"63b4478aa3489c2fd05cfca1"},"id":"W19gcHtR2K","phrase":"me chama de parede e vem me pintar","userId":"830226550116057149","acceptedFor":"854494598533742622","__v":0},{"likes":{"down":[],"up":["451619591320371213"]},"_id":{"$oid":"63b5bdff7204fe37e9e768eb"},"id":"DKY7WaokFC","__v":0},{"likes":{"up":[],"down":[]},"_id":{"$oid":"63b8d9586ca0b74c86833f64"},"id":"tdA4CBkfRo","phrase":"você não é chimarrão mas aquece meu coração","userId":"399269595417935892","acceptedFor":"451619591320371213","__v":0},{"likes":{"up":[],"down":[]},"_id":{"$oid":"63b8d9c26ca0b74c86833fc4"},"id":"Ja88C0WUCH","phrase":"voce eh a saphire da minha moon 😍😍😍","userId":"857719554770599946","acceptedFor":"854494598533742622","__v":0},{"likes":{"up":["451619591320371213","991133417787895828"],"down":[]},"_id":{"$oid":"63b8da326ca0b74c86834020"},"id":"5dXf7zdDZ9","phrase":"Você não é PC novo, mas eu exploraria cada parte de você","userId":"451619591320371213","acceptedFor":"854494598533742622","__v":0},{"likes":{"up":[],"down":[]},"_id":{"$oid":"63b8da8b6ca0b74c8683406f"},"id":"wccAePiHyu","phrase":"Então, além de me deixar sem ar, o que mais você faz?","userId":"1032659576794910730","acceptedFor":"451619591320371213","__v":0},{"likes":{"up":["451619591320371213"],"down":[]},"_id":{"$oid":"63b8dac46ca0b74c868340a3"},"id":"7U5BHXNybL","phrase":"Gata, o meu nome não é Napoleão, mas eu preciso lhe dizer que você ocupa uma Bonaparte do meu coração.","userId":"830226550116057149","acceptedFor":"854494598533742622","__v":0},{"likes":{"up":[],"down":["423594933362884611"]},"_id":{"$oid":"63b8db416ca0b74c8683411f"},"id":"Dl6ym45dJE","phrase":"tiraram o wifi do castelo? não to vendo minha princesa online","userId":"399269595417935892","acceptedFor":"854494598533742622","__v":0},{"likes":{"up":[],"down":[]},"_id":{"$oid":"63b8db8e6ca0b74c8683416c"},"id":"vNi3YZk0Kg","phrase":"me chama de estados unidos e me USA","userId":"292416939253432321","acceptedFor":"854494598533742622","__v":0},{"likes":{"up":["1031567913611698276"],"down":["740651541765292154"]},"_id":{"$oid":"63b8dbda6ca0b74c868341b7"},"id":"j10tKhQQKW","phrase":"Você não é o Discord mas ficaria dentro de você 24 horas por dia","userId":"451619591320371213","acceptedFor":"854494598533742622","__v":0},{"likes":{"up":[],"down":[]},"_id":{"$oid":"63b8dd246ca0b74c868342ee"},"id":"5ToBpS1BNB","phrase":"Sim eu sou Petista, pois amo os teus Peitos","userId":"857719554770599946","acceptedFor":"854494598533742622","__v":0},{"likes":{"up":[],"down":[]},"_id":{"$oid":"63b8ddb66ca0b74c86834368"},"id":"aLw8jlE2p3","phrase":"me chama de leiteira e me enche de leitinho","userId":"399269595417935892","acceptedFor":"854494598533742622","__v":0},{"likes":{"up":[],"down":[]},"_id":{"$oid":"63b8de456ca0b74c868343e9"},"id":"bCculVSSmS","phrase":"você não é a monalisa mas é uma obra de arte","userId":"399269595417935892","acceptedFor":"854494598533742622","__v":0},{"likes":{"up":["451619591320371213"],"down":[]},"_id":{"$oid":"63b8df0f6ca0b74c868344a7"},"id":"p2InxDnpZG","phrase":"gate você nao é camisinha mas quero te botar no pau","userId":"399269595417935892","acceptedFor":"854494598533742622","__v":0},{"likes":{"up":[],"down":["423594933362884611"]},"_id":{"$oid":"63b8df2a6ca0b74c868344c0"},"id":"2n6PaPUMdf","phrase":"teu pai tem um pau ou um pincel? pq ele criou uma obra de arte","userId":"466808982330277910","acceptedFor":"854494598533742622","__v":0},{"likes":{"up":[],"down":[]},"_id":{"$oid":"63b8dfca6ca0b74c86834548"},"id":"SBAVsVUFVM","phrase":"Você é que nem o mapa do GTA. Cheio de surpresas e mistérios, porém com uma beleza que só você tem","userId":"451619591320371213","acceptedFor":"854494598533742622","__v":0},{"likes":{"up":["1031567913611698276"],"down":["451619591320371213","854494598533742622"]},"_id":{"$oid":"63b8e0856ca0b74c868345e9"},"id":"RxwTOXaVq7","phrase":"Queria ser um motorista de ônibus, mas um motorista de ônibus não posso ser, um  motorista de ônibus viaja com tudo mundo, e eu só queria viajar com vc!","userId":"830226550116057149","acceptedFor":"854494598533742622","__v":0},{"likes":{"up":[],"down":[]},"_id":{"$oid":"63b8e1486ca0b74c868346a7"},"id":"QTp8NPZUtL","phrase":"queria ser um crackudo, mas ym crackudo não posso ser, um crackudo cheira pó o dia inteiro,  e eu só queria cheirar você!","userId":"830226550116057149","acceptedFor":"451619591320371213","__v":0},{"likes":{"up":[],"down":[]},"_id":{"$oid":"63b8e1b46ca0b74c86834703"},"id":"XDtscEd2Cq","phrase":"Se fosse possível fixar coisas na vida, eu te fixava no meu coração","userId":"451619591320371213","acceptedFor":"854494598533742622","__v":0},{"likes":{"up":[],"down":[]},"_id":{"$oid":"63b8e2a06ca0b74c86834800"},"id":"LU672iJLZ4","phrase":"Posso te dar um beijo? Se você não gostar, é só devolver","userId":"451619591320371213","acceptedFor":"854494598533742622","__v":0},{"likes":{"up":["1031567913611698276"],"down":[]},"_id":{"$oid":"63b8e3306ca0b74c86834884"},"id":"riTXSn2NUY","phrase":"Vou andar de cavalo domingo, posso cavalgar em você pra treinar?","userId":"451619591320371213","acceptedFor":"854494598533742622","__v":0},{"likes":{"up":[],"down":[]},"_id":{"$oid":"63b8e44ffed6376f8a72d941"},"id":"syGq4ZsWZe","phrase":"Posso te chamar de teclado e botar meus dedos em você?","userId":"451619591320371213","acceptedFor":"854494598533742622","__v":0},{"likes":{"up":[],"down":[]},"_id":{"$oid":"63b8e462fed6376f8a72d956"},"id":"IbnO27noSN","phrase":"Posso te chamar de porta USB e plugar meu pen-drive em você?","userId":"451619591320371213","acceptedFor":"854494598533742622","__v":0},{"likes":{"up":[],"down":[]},"_id":{"$oid":"63bc032cf24aa8bca3a92a46"},"id":"hNDiBU4ehx","phrase":"Eu não sou é google tradutor mas eu posso dominar tua lingua?","userId":"423594933362884611","acceptedFor":"854494598533742622","__v":0},{"likes":{"up":["541033481199812628"],"down":[]},"_id":{"$oid":"63c34d5785b979eb8220090c"},"id":"S6XcXPll4g","phrase":"Posso ter o emprego que for, mas meu melhor trabalho é te fuder feliz","userId":"451619591320371213","acceptedFor":"451619591320371213","__v":0},{"likes":{"up":[],"down":[]},"_id":{"$oid":"63c5623417c9ce43b05b6789"},"id":"CtnuWxLyJu","phrase":"Te amo de uma maneira inexplicável, de uma forma inconfessável, de um modo contraditório.","userId":"541033481199812628","acceptedFor":"451619591320371213","__v":0},{"likes":{"up":[],"down":[]},"_id":{"$oid":"63c842938b107cceec728fa1"},"id":"ZEMfxxXFaL","phrase":"qual a sua altura? é que eu quero saber o tamanho do meu sonho","userId":"917548219679002634","acceptedFor":"451619591320371213","__v":0},{"likes":{"up":[],"down":[]},"_id":{"$oid":"63cc2c078d01442a366a6180"},"id":"7sCzP31ukD","phrase":"Você não é a Saphire mas ficaria te usando o dia todo","userId":"451619591320371213","acceptedFor":"451619591320371213","__v":0},{"likes":{"up":[],"down":[]},"_id":{"$oid":"63cc2c218d01442a366a6186"},"id":"QLU0xuf1Vs","phrase":"seu pai fazendeiro? voce tem pepino grande","userId":"496359287346692125","acceptedFor":"451619591320371213","__v":0},{"likes":{"up":[],"down":[]},"_id":{"$oid":"63cdaa4c9eed1c5a2b966e31"},"id":"deuR5bLGN3","phrase":"Gata me chama de papel e vamos fazer um amasso.","userId":"496359287346692125","acceptedFor":"451619591320371213","__v":0},{"likes":{"up":["451619591320371213","516048524388073516","496359287346692125"],"down":[]},"_id":{"$oid":"63cdaa5a9eed1c5a2b966e3d"},"id":"5jWTuDXgQI","phrase":"nao sou comunista mais quero dividir minha cama com você","userId":"496359287346692125","acceptedFor":"451619591320371213","__v":0},{"likes":{"up":[],"down":[]},"_id":{"$oid":"63cdac229eed1c5a2b966ea6"},"id":"lmXA35XlOP","phrase":"Gata Não sou padeiro pra avaliar doçuras mais que bumbom gostoso.","userId":"496359287346692125","acceptedFor":"451619591320371213","__v":0},{"likes":{"up":[],"down":[]},"_id":{"$oid":"63d1ec77392ed69bc60371f0"},"id":"3qWAf8TwC3","phrase":"Do que adianta o Lula ser preso se você ainda rouba meu coração?","userId":"496359287346692125","acceptedFor":"451619591320371213","__v":0}]