[{"Timeouts":{"RestoreDividas":1658700975440},"FlagGame":{},"Raspadinhas":{"Bought":14662,"totalPrize":2500},"Zeppelin":{"distanceData":{"value":11,"winner":"11.0 | BKT IS BACK#8047 `916742697354666024` | *(+549999)*"},"loseTotalMoney":108437115,"winTotalMoney":93345318.3,"Explode":1,"Channels":[]},"Titles":{"BugHunter":["351903530161799178","315297741406339083","496359287346692125","607812142090944523","833722864058236999","909197654066593812","451619591320371213","781137239194468403","761962927179300925","537691734755377152","907056673426931722","946626939513360404","292416939253432321","857719554770599946","962758754804330587","904891162362519562"],"OfficialDesigner":["833722864058236999","830226550116057149","435444989695229952"],"Halloween":["451619591320371213","351903530161799178","755625333532655707","854494598533742622","830226550116057149"],"Developer":["451619591320371213","351903530161799178","315297741406339083","833722864058236999"]},"Blacklist":{"Users":[{"id":"846883751866400768","reason":"conta fake"},{"id":"853730539113545768","reason":"conta fake"},{"id":"936811303538937876","reason":"conta fake"}],"Guilds":[],"Economy":[]},"Porquinho":{"LastPrize":26000,"LastWinner":"maresia;#4448\n*761962927179300925*","Money":60000},"GlobalBet":{"0":[],"100":[],"2000":[],"5000":[],"10000":[],"20000":[],"30000":[],"40000":["841392424617377815"],"50000":[],"60000":[],"70000":["451619591320371213"],"80000":["451619591320371213"],"90000":["451619591320371213"],"100000":["451619591320371213"]},"ComandosBloqueados":[],"_id":{"$oid":"62092e2fbd62fb6588abd26a"},"id":"912509487984812043","ComandosUsados":6267811,"Moderadores":["830226550116057149","611006830411251714","737238491842347098","451619591320371213","886360475334508584","351903530161799178","327496267007787008","854494598533742622"],"Administradores":["351903530161799178","451619591320371213","737238491842347098"],"BackgroundAcess":["830226550116057149","351903530161799178","737238491842347098","451619591320371213","545189821245685781"],"BlockedUsers":[],"__v":0,"PremiumServers":["756776921689358357","418905476281925633","749706812068200458","934249647332032624","956318034824421436","693919801382535232","952214872584749056","872962755538350110"],"TopGlobal":{"Level":"351903530161799178","Likes":"351903530161799178","Money":"351903530161799178","Quiz":"978659462602711101","Mix":"645361227584765984","Jokempo":"879792774977814599","TicTacToe":"851606786619211826","Memory":"474654887645282324","Forca":"487338269336666124","Flag":"978659462602711101"},"VipCodes":[{"code":"NV5RGX9","time":2592000000},{"code":"3IPFJ3W","time":864000000}],"CommandsCount":{"bitcoin":6765,"zeppelin":61993,"trabalhar":22975,"afk":12955,"setnickname":139,"daily":10368,"help":2021,"perfil":25143,"ping":468,"setstatus":206,"bet":783,"balance":19943,"avatar":966,"circle":6,"lembrar":424,"like":12392,"cu":3787,"pay":803,"palavramisturada":14577,"forca":8928,"cooldown":11438,"pig":1312,"trabalho":171,"setsexo":157,"botinfo":176,"sticker":78,"comprar":4199,"raspadinha":15708,"anime":777,"translate":136,"roleta":650,"quiz":10161,"chorar":21,"hug":373,"rank":1041,"emojis":194,"vip":103,"eval":264,"adicionar":94,"wallpaper":484,"bgconfig":63,"levelwallpapers":129,"level":548,"transactions":458,"blacklist":37,"esmola":82,"click":224,"clima":133,"covid":11,"gay":126,"gado":86,"sonso":35,"slot":379,"dogname":38,"cantadas":514,"bandeiras":32803,"comandosusados":30,"soco":79,"chupar":157,"carta":424,"baka":21,"jogodememoria":1087,"bingo":135,"resgatar":32,"serverinfo":48,"bug":153,"delete":41,"nota":148,"spotify":34,"clear":501,"tapa":211,"ideia":41,"beijar":424,"matar":165,"unmute":3,"blockcommands":33,"userinfo":239,"lock":205,"setlogchannel":32,"tempodevida":39,"chutar":57,"lamber":120,"feet":22,"time":26,"config":41,"giveaway":393,"carinho":150,"unlock":166,"slowmode":4,"morder":28,"tapão":26,"jokempo":510,"channel":161,"rifa":324,"mod":7,"mods":13,"admins":30,"atirar":40,"set":8,"bugs":30,"liberar":62,"bloquear":20,"jogodavelha":1682,"roll":213,"howbig":211,"corno":152,"safado":95,"user":9,"parca":297,"familia":344,"casar":160,"invite":161,"gun":379,"aniversario":148,"signo":133,"risada":7,"tickets":50,"love":32,"ship":235,"lockcommands":24,"bin":7,"dono":14,"vote":1381,"settitulo":88,"clan":220,"unlockcommands":11,"piada":55,"divorcio":12,"stonks":9,"trash":6,"ind":34,"donate":138,"f":25,"warn":27,"birra":9,"comprovante":11,"cargo":175,"dados":15,"pisar":18,"tocaai":24,"dedo":12,"bico":5,"patnezuko":5,"cancelar":160,"emoji":220,"prefix":142,"8ball":81,"addemoji":76,"reboot":39,"uptime":13,"setmoeda":63,"cobrar":35,"database":4,"ban":105,"biscoitodasorte":66,"lutar":12,"cutucar":20,"phub":83,"hitler":6,"servericon":11,"mute":36,"dance":25,"welcomechannel":35,"coinflip":148,"deletar":3,"hide":13,"unhide":21,"explodir":17,"cumprimentar":15,"premium":16,"confessar":87,"affect":7,"bjo":15,"novidades":1,"servers":17,"tedio":9,"shrug":5,"disconnect":15,"miku":205,"first":11,"serverpremium":8,"shy":7,"jail":5,"burn":3,"opinion":13,"antifake":17,"dicas":9,"leavechannel":10,"setlevel":19,"faq":15,"delemoji":19,"servername":5,"say":44,"color":107,"setcolor":71,"register":3,"drama":3,"pikachu":2641,"bed":13,"beauty":3,"blur":2,"brilho":1,"changemymind":11,"fuse":16,"invert":1,"jokeoverhead":1,"pixelate":18,"rainbow":5,"sharpen":5,"shit":7,"triggered":4,"sepia":2,"olhar":12,"id":16,"calculadora":68,"report":9,"lance":41,"dormir":8,"raiva":3,"ocultar":9,"invisivel":8,"emojibet":73,"feliz":2,"servidoresecomum":2,"duelar":24,"furia":2,"choose":30,"createinvite":9,"ideiachannel":9,"antilink":3,"terminal":4,"stats":11,"reactionrole":240,"kick":5,"gif":2,"sync":50,"ascii":8,"serverlist":3,"onegai":6,"autorole":78,"nsfw":5,"unban":18,"error":3,"notstonks":6,"ticket":5,"reverse":10,"loteria":116,"diogo":1,"cargovip":4,"privatechannel":3,"vipcode":13,"palmas":3,"correr":3,"deboche":1,"facepalm":1,"pensando":4,"surprise":2,"lockdown":6,"search":39,"reportchannel":3,"staff":1013,"editprofile":226,"lembrete":340,"kidbengala":37,"interaction":587,"medidor":224,"ranking":668,"reaction":26,"olhandopratras":4,"corrida":323,"anunciar":106,"admin":315,"logomarca":479,"reception":9,"Ver avatar":70,"sequencia":79,"User Info":154,"campo-minado":152,"genius":1,"imagem":16,"Translate Message":270,"clyde":83,"pull":12,"enviar":28,"lastclick":141,"editimage":4,"instagram":28,"ohno":6,"quote":3,"youtube":81,"embed":4,"dice":5,"blackjack":1865,"test":47,"dicionario":74,"wordle":268,"discloud":132,"memory":614,"Avatar":144,"Clear 50 Messages":137,"poll":83,"rather":229,"logomarcas":216,"gifs":247,"cripto":57,"logs":88,"saphire":76,"lyrics":19,"stars":49,"cantada":253,"Retweet":16,"amongus":37,"commands":33,"memes":2,"profile":73,"tictactoe":54,"run":8,"images":21,"announce":5,"dictionary":20,"weather":10,"reminder":46,"chat":9},"GameChannels":{"Raspadinhas":[]},"CantadasIndicadas":[{"userId":"496359287346692125","cantada":"Gata não sou saphire, mas estou jogando 66 leite em você ","cantadaId":"g0AzB9eM89"},{"userId":"1002295870588465325","cantada":"eomeu sou eu seu cu é meu","cantadaId":"EdKxE2FMeH"},{"userId":"1071794920244908152","cantada":"voce não é lixo mas faz parte da minha vd","cantadaId":"eeAoSN5GT8"}],"AnimeQuizIndication":[{"imageUrl":"https://cdn.discordapp.com/ephemeral-attachments/1066792306822348861/1080863843724558346/11e11db9a2b9488e86a77b46ae29f50a.png","name":"Yosetsu Awase","anime":"Boku no Hero Academia","type":"male","id":"1fnCEYbV6D","sendedFor":"327496267007787008"},{"imageUrl":"https://cdn.discordapp.com/ephemeral-attachments/1066792306822348861/1080864158603542548/latest.png","name":"Sen Kaibara","anime":"Boku no Hero Academia","type":"male","id":"fGWcQ0Kz5m","sendedFor":"327496267007787008"},{"imageUrl":"https://cdn.discordapp.com/ephemeral-attachments/1066792306822348861/1080864482923917322/class_1b_au_headcanons__togaru_kamakiri_by_kittykatcat77_delz4ge-pre.png","name":"Togaru Kamakiri","anime":"Boku no Hero Academia","type":"others","id":"CF0xuVgJkK","sendedFor":"327496267007787008"},{"imageUrl":"https://cdn.discordapp.com/ephemeral-attachments/1066792306822348861/1080864931945140314/class_1b_au_headcanons__shihai_kuroiro_by_kittykatcat77_dem5b98-pre.png","name":"Shihai Kuroiro","anime":"Boku no Hero Academia","type":"male","id":"PYG703lc1a","sendedFor":"327496267007787008"},{"imageUrl":"https://cdn.discordapp.com/ephemeral-attachments/1066792306822348861/1080865242260721664/12204961221624359636.png","name":"Itsuka Kendo","anime":"Boku no Hero Academia","type":"female","id":"hX3vvsEg8v","sendedFor":"327496267007787008"},{"imageUrl":"https://cdn.discordapp.com/ephemeral-attachments/1066792306822348861/1080865940364857424/imagem_2023-03-02_115451667.png","name":"Yui Kodai","anime":"Boku no Hero Academia","type":"female","id":"1ljKAwyyRO","sendedFor":"327496267007787008"},{"imageUrl":"https://cdn.discordapp.com/ephemeral-attachments/1066792306822348861/1080866174969073715/Kinoko-Komori.png","name":"Kinoko Komori","anime":"Boku no Hero Academia","type":"female","id":"eIaLhXeIlL","sendedFor":"327496267007787008"},{"imageUrl":"https://cdn.discordapp.com/ephemeral-attachments/1066792306822348861/1080866566729633874/boku-no-hero-academia-92-large-35-cfaa07b8deef99fb2f69eaad7a4f6abf-faccbc65243a1fe36ea8625de088b116.png","name":"Ibara Shiozaki","anime":"Boku no Hero Academia","type":"female","id":"CjEFPML1hO","sendedFor":"327496267007787008"},{"imageUrl":"https://cdn.discordapp.com/ephemeral-attachments/1066792306822348861/1080866826029891624/latest.png","name":"Jurota Shishida","anime":"Boku no Hero Academia","type":"others","id":"kDqK9fx3xQ","sendedFor":"327496267007787008"},{"imageUrl":"https://cdn.discordapp.com/ephemeral-attachments/1066792306822348861/1080867115566903396/class_1b_au_headcanons__nirengeki_shoda_by_kittykatcat77_dem025x-fullview.png","name":"Nirengeki Shoda","anime":"Boku no Hero Academia","type":"male","id":"gcmKa4M6aC","sendedFor":"327496267007787008"}],"ComandosBloqueadosSlash":[]}]