[{"socialUrl":"","_id":{"$oid":"6374f7934b34dbb614885aeb"},"id":0,"userId":"144943581965189120","name":"Saphire Anime (I.A)","url":"https://media.discordapp.net/attachments/1041890235686064188/1041890325947502602/unknown.png","__v":0,"like":["522531030834610211","607812142090944523","451619591320371213","930672718876147763"],"unlike":["859261910561980437"]},{"socialUrl":"","unlike":[],"_id":{"$oid":"6374f82f4b34dbb614885b35"},"id":1,"userId":"144943581965189120","name":"Saphire Anime V2 (I.A)","url":"https://media.discordapp.net/attachments/1041890235686064188/1041890393362534490/unknown.png","__v":0,"like":["451619591320371213","859261910561980437","657625518228766721","957974731519320065","763102697704259604"]},{"socialUrl":"","unlike":[],"_id":{"$oid":"6374f87e4b34dbb614885b59"},"id":2,"userId":"144943581965189120","name":"Saphire Natal 8Bit (I.A)","url":"https://media.discordapp.net/attachments/1041890235686064188/1042423411051335680/1girl__blond_hair__long_hair__blue_eyes__blue_bow_on_the_neck__dark_blue_coat__white_shirt__solo__st_Seed-2303680_Steps-50_Guidance-7.511.png","__v":0,"like":["451619591320371213","553995423010783255"]},{"socialUrl":"","_id":{"$oid":"6374f8b04b34dbb614885b79"},"id":3,"userId":"144943581965189120","name":"Saphire CuteCute Natal (I.A)","url":"https://media.discordapp.net/attachments/1041890235686064188/1042427468482629662/unknown.png","__v":0,"like":["1047191750642499624","451619591320371213"],"unlike":[]},{"socialUrl":"","unlike":[],"_id":{"$oid":"6374fb414b34dbb614885c94"},"id":4,"userId":"144943581965189120","name":"Saphire Natal Bits (I.A Fail)","url":"https://media.discordapp.net/attachments/1041890235686064188/1042453918279536640/1girl__blond_hair__long_hair__blue_eyes__blue_bow_on_the_neck__dark_blue_coat__white_shirt__solo__st_Seed-2303680_Steps-100_Guidance-7.52.png","__v":0,"like":["451619591320371213"]},{"socialUrl":"","unlike":[],"_id":{"$oid":"637518dc4b34dbb6148869a0"},"id":5,"userId":"144943581965189120","name":"Saphire 8Bit Old (I.A)","url":"https://media.discordapp.net/attachments/1041890235686064188/1042485994047414322/1girl__blond_hair__long_hair__blue_eyes__blue_bow_on_the_neck__dark_blue_coat__white_shirt__solo__st_Seed-2303680_Steps-50_Guidance-7.517.png","__v":0,"like":["451619591320371213","657625518228766721"]},{"socialUrl":"","_id":{"$oid":"6375a97e6d37dd32cde01394"},"id":6,"userId":"830226550116057149","name":"First Official Picture Photo (D.A)","url":"https://media.discordapp.net/attachments/1041890235686064188/1042641314732314624/unknown.png?width=473&height=473","like":["451619591320371213"],"unlike":[],"__v":0},{"socialUrl":"","_id":{"$oid":"6375aa0d6d37dd32cde0140b"},"id":7,"userId":"435444989695229952","name":"First Incomming Photo (D.A)","url":"https://media.discordapp.net/attachments/1041890235686064188/1042641662813405284/unknown.png?width=334&height=472","like":["451619591320371213","638499442483396665","607812142090944523"],"unlike":[],"__v":0},{"socialUrl":"","_id":{"$oid":"63770d30e4c9b3070c1131c8"},"id":8,"userId":"435444989695229952","name":"Official Profile Picture (D.A)","url":"https://media.discordapp.net/attachments/1041890235686064188/1043023203385212948/unknown.png?width=669&height=473","like":["908730565715460187","435444989695229952","327496267007787008","451619591320371213","638499442483396665","607812142090944523","541033481199812628","930672718876147763"],"unlike":["466808982330277910"],"__v":0},{"socialUrl":"","_id":{"$oid":"63798ccc710d947d0bad4276"},"id":9,"userId":"144943581965189120","name":"Saphire Pop-Figers (I.A)","url":"https://media.discordapp.net/attachments/1041890235686064188/1043709851924185291/unknown.png?width=315&height=473","like":["451619591320371213"],"unlike":[],"__v":0},{"socialUrl":"","_id":{"$oid":"637bae345b29677e5349dab4"},"id":10,"userId":"830226550116057149","name":"Saphire Gif Anginha Brilhante (D.A)","url":"https://media.discordapp.net/attachments/1041890235686064188/1044295614495735969/saphi_icon.gif?width=467&height=467","like":["607812142090944523"],"unlike":[],"__v":0},{"socialUrl":"","_id":{"$oid":"637baec85b29677e5349db30"},"id":11,"userId":"830226550116057149","name":"Saphire Descolada (D.A)","url":"https://media.discordapp.net/attachments/1041890235686064188/1044296268899418162/unknown.png?width=450&height=467","like":["451619591320371213"],"unlike":[],"__v":0},{"_id":{"$oid":"63caf8bededa38c790274a4a"},"id":12,"userId":"763102697704259604","name":"Saphire Digital Art (D.A)","url":"https://media.discordapp.net/attachments/1041890235686064188/1066090745213239306/Sem_titulo.png","like":["451619591320371213"],"unlike":[],"__v":0,"socialUrl":"https://instagram.com/user1er_"},{"_id":{"$oid":"63cd8f93abea4337a28aeef1"},"id":13,"userId":"936929561302675456","name":"Midjourney Founder Images - D.A","url":"https://media.discordapp.net/attachments/1041890235686064188/1066802508510539897/Rody_None_3875b81a-3ec4-4f73-a9d7-d67aac021136.png?width=468&height=468","socialUrl":"https://discord.gg/midjourney","like":["451619591320371213"],"unlike":[],"__v":0},{"_id":{"$oid":"63cd9016abea4337a28aef0e"},"id":14,"userId":"936929561302675456","name":"Midjourney Founder Image 2 - (D.A)","url":"https://media.discordapp.net/attachments/1041890235686064188/1066803189548073061/Rody_None_d7609d42-7751-437c-abe0-7d5ab5a84f7c.png?width=468&height=468","socialUrl":"https://discord.gg/midjourney","like":[],"unlike":[],"__v":0}]