[{"_id":{"$oid":"632e720312ece0aabc03bb2a"},"name":"Naruto","category":["Artes Marciais","Fantasia","Psicológico","Sobrenatural","Superpoderes"],"gender":["Ação","Aventura","Drama"],"targetPublic":["Shounen"],"authorId":"451619591320371213","up":["451619591320371213","140926143783108610","890733212907749388"],"down":["750072303983001721","633686737104797696","822915858719440908"],"__v":0},{"_id":{"$oid":"632e727912ece0aabc03bb63"},"name":"Overlord","category":["Artes Marciais","Fantasia","Isekai","Jogos","Superpoderes"],"gender":["Aventura","Ação"],"targetPublic":["Shounen"],"authorId":"451619591320371213","up":["451619591320371213","140926143783108610"],"down":["890733212907749388"],"__v":0},{"_id":{"$oid":"632ede9612ece0aabc03e783"},"name":"Yosuga no Sora","category":["Slice-of-life"],"gender":["Romance"],"targetPublic":["Josei"],"authorId":"288871181514440706","up":["451619591320371213","890733212907749388"],"down":["633686737104797696","886360475334508584"],"__v":0},{"_id":{"$oid":"632fdf918ff13915b401830e"},"name":"Spy x Family","category":["Artes Marciais","Policial/Investigação","Psicológico","Vida escolar"],"gender":["Aventura","Comédia","Drama"],"targetPublic":["Shounen","Kodomo","Shōjo"],"authorId":"451619591320371213","up":["1012917758863880253","451619591320371213","852957775276802119","750072303983001721"],"down":["633686737104797696"],"__v":0},{"_id":{"$oid":"632fdf938ff13915b4018312"},"name":"berserk","category":["Histórico"],"gender":["Terror","Ação"],"targetPublic":["Seinen"],"authorId":"1012917758863880253","up":["451619591320371213","633686737104797696","1020133697418182688"],"down":[],"__v":0},{"_id":{"$oid":"632fe0a08ff13915b40183a1"},"name":"Demon Slayer: Kimetsu no Yaiba","category":["Artes Marciais","Fantasia","Psicológico","Sobrenatural","Superpoderes"],"gender":["Ação","Aventura","Drama"],"targetPublic":["Shounen"],"authorId":"451619591320371213","up":["451619591320371213","633686737104797696"],"down":["140926143783108610"],"__v":0},{"_id":{"$oid":"63307cf98ff13915b401c45f"},"name":"Harem in the Labyrinth of Another World","category":["Fantasia"],"gender":["Romance"],"targetPublic":["Shounen"],"authorId":"451619591320371213","up":["140926143783108610"],"down":["451619591320371213"],"__v":0},{"_id":{"$oid":"6330d479ebdc620b6dc072c3"},"name":"Kemono Jihen","category":["Artes Marciais","Fantasia","Superpoderes"],"gender":["Ação"],"targetPublic":["Shounen"],"authorId":"451619591320371213","up":["451619591320371213","140926143783108610","946413706647068672"],"down":[],"__v":0},{"_id":{"$oid":"63327fedca54eb5fd2763ed9"},"name":"Black Clover","category":["Fantasia","Superpoderes"],"gender":["Ação","Comédia","Aventura"],"targetPublic":["Shounen"],"authorId":"841392424617377815","up":["451619591320371213","841392424617377815","633686737104797696","1060320397414908016"],"down":[],"__v":0},{"_id":{"$oid":"63330799ca54eb5fd2767632"},"name":"Kemino Jihen","category":["Artes Marciais","Fantasia","Policial/Investigação","Psicológico","Sobrenatural","Superpoderes"],"gender":["Terror","Drama","Ação","Mistério","Romance"],"targetPublic":["Shounen"],"authorId":"451619591320371213","up":[],"down":[],"__v":0},{"_id":{"$oid":"63330926ca54eb5fd27676dd"},"name":"Fairy Tail","category":["Artes Marciais","Superpoderes"],"gender":["Ação","Aventura","Comédia","Mistério"],"targetPublic":["Shounen"],"authorId":"841392424617377815","up":[],"down":[],"__v":0},{"_id":{"$oid":"633309a7ca54eb5fd2767719"},"name":"High School DxD","category":["Ecchi","Harém","Vida escolar","Superpoderes","Sobrenatural"],"gender":["Ação","Sci-Fi"],"targetPublic":["Shounen","Seinen"],"authorId":"841392424617377815","up":["841392424617377815","728369797888213043","140926143783108610","750072303983001721"],"down":[],"__v":0},{"_id":{"$oid":"633ce21b6b95685436ded7d2"},"name":"Lily Love","category":["Slice-of-life"],"gender":["Romance","Drama"],"targetPublic":["Shōjo"],"authorId":"451619591320371213","up":["451619591320371213","140926143783108610"],"down":[],"__v":0},{"_id":{"$oid":"633ce2256b95685436ded7da"},"name":"JoJo","category":["Superpoderes","Fantasia"],"gender":["Ação","Aventura"],"targetPublic":["Seinen","Shounen"],"authorId":"633686737104797696","up":["140926143783108610","1031567913611698276"],"down":[],"__v":0},{"_id":{"$oid":"633e227a27ac0dc57481897a"},"name":"Remake Our Life!","category":["Slice-of-life"],"gender":["Romance","Drama"],"targetPublic":["Shōjo","Shounen"],"authorId":"451619591320371213","up":["140926143783108610"],"down":["822915858719440908"],"__v":0},{"_id":{"$oid":"633f480727ac0dc5748204d7"},"name":"Bakemonogatari","category":["Harém","Ecchi","Vida escolar","Sobrenatural","Psicológico"],"gender":["Comédia","Drama","Romance","Mistério"],"targetPublic":["Shounen","Shōjo"],"authorId":"140926143783108610","up":["140926143783108610","938865444268408872","852957775276802119","1041929447365939291"],"down":["451619591320371213"],"__v":0},{"_id":{"$oid":"633f4e7f27ac0dc5748207e1"},"name":"Kizumonogatari I: Tekketsu-hen","category":["Ecchi","Superpoderes","Sobrenatural","Psicológico"],"gender":["Ação","Drama","Mistério"],"targetPublic":["Shōjo","Shounen","Seinen"],"authorId":"140926143783108610","up":["140926143783108610","451619591320371213"],"down":[],"__v":0},{"_id":{"$oid":"633f4e8227ac0dc5748207e5"},"name":"Kizumonogatari II: Nekketsu-hen","category":["Superpoderes","Ecchi","Sobrenatural","Psicológico"],"gender":["Ação","Drama","Mistério"],"targetPublic":["Seinen","Shounen"],"authorId":"140926143783108610","up":["890733212907749388"],"down":[],"__v":0},{"_id":{"$oid":"633f4e8527ac0dc5748207e9"},"name":"Kizumonogatari III: Reiketsu-hen","category":["Ecchi","Superpoderes","Sobrenatural","Psicológico"],"gender":["Ação","Drama","Mistério"],"targetPublic":["Seinen","Shounen"],"authorId":"140926143783108610","up":["852957775276802119","451619591320371213","140926143783108610"],"down":[],"__v":0},{"_id":{"$oid":"633f4e8827ac0dc5748207ed"},"name":"Nisemonogatari","category":["Sobrenatural","Ecchi","Psicológico"],"gender":["Comédia","Drama","Mistério"],"targetPublic":["Shounen","Shōjo"],"authorId":"140926143783108610","up":["140926143783108610"],"down":[],"__v":0},{"_id":{"$oid":"633f7f768828357924080b08"},"name":"Nekomonogatari (Kuro)","category":["Sobrenatural","Psicológico"],"gender":["Drama","Mistério","Romance"],"targetPublic":["Shounen","Shōjo","Seinen"],"authorId":"140926143783108610","up":[],"down":[],"__v":0},{"_id":{"$oid":"633f7f7b8828357924080b0f"},"name":"Monogatari Series: Segunda temporada","category":["Sobrenatural","Psicológico"],"gender":["Romance","Mistério","Drama","Comédia"],"targetPublic":["Seinen","Shounen","Shōjo"],"authorId":"140926143783108610","up":["140926143783108610","451619591320371213"],"down":[],"__v":0},{"_id":{"$oid":"633f80268828357924080b6c"},"name":"Hanamonogatari","category":["Sobrenatural","Psicológico"],"gender":["Drama","Mistério"],"targetPublic":["Seinen","Shounen","Shōjo"],"authorId":"140926143783108610","up":["852957775276802119","140926143783108610"],"down":["588091633854185483"],"__v":0},{"_id":{"$oid":"633f80888828357924080b9d"},"name":"Tsukimonogatari","category":["Ecchi","Sobrenatural"],"gender":["Comédia","Mistério"],"targetPublic":["Seinen","Shounen","Shōjo"],"authorId":"140926143783108610","up":["140926143783108610","750072303983001721","516026271529173004"],"down":[],"__v":0},{"_id":{"$oid":"63402cb19114524e83239fcc"},"name":"Nanatsu no Taizai","category":["Tortura","Artes Marciais","Superpoderes","Guerra","Religião"],"gender":["Fantasia","Ação","Luta","Comédia"],"targetPublic":["Seinen"],"authorId":"832285608683634700","up":[],"down":["633686737104797696"],"__v":0},{"_id":{"$oid":"6340b4709114524e8323dab4"},"name":"Owarimonogatari","category":["Superpoderes","Seinen","Shounen"],"gender":["Drama","Psicológico","Mistério","Supernatural"],"targetPublic":["Lewd#7999 - 140926143783108610"],"authorId":"140926143783108610","up":["451619591320371213","140926143783108610"],"down":[],"__v":0},{"_id":{"$oid":"6340b5909114524e8323db49"},"name":"Koyomimonogatari","category":["Superpoderes","Seinen","Shounen"],"gender":["Comédia","Mistério","Supernatural"],"targetPublic":["Lewd#7999 - 140926143783108610"],"authorId":"140926143783108610","up":["781137239194468403","451619591320371213"],"down":[],"__v":0},{"_id":{"$oid":"6340b5949114524e8323db4d"},"name":"Owarimonogatari (Ge)","category":["Superpoderes","Seinen","Shounen"],"gender":["Comédia","Mistério","Supernatural","Romance","Psicológico"],"targetPublic":["Lewd#7999 - 140926143783108610"],"authorId":"140926143783108610","up":["140926143783108610","451619591320371213"],"down":[],"__v":0},{"_id":{"$oid":"6340b5969114524e8323db51"},"name":"Zoku Owarimonogatari","category":["Superpoderes","Seinen","Shounen"],"gender":["Drama","Mistério","Supernatural"],"targetPublic":["Lewd#7999 - 140926143783108610"],"authorId":"140926143783108610","up":[],"down":[],"__v":0},{"_id":{"$oid":"6340b5999114524e8323db55"},"name":"Cyberpunk: Edgerunners","category":["Cyberpunk","Superpoderes","Seinen","Shounen"],"gender":["Ação","Drama","Sci-Fi","Psicológico"],"targetPublic":["Lewd#7999 - 140926143783108610"],"authorId":"140926143783108610","up":[],"down":[],"__v":0},{"_id":{"$oid":"6340bf079114524e8323df91"},"name":"Josee to Tora to Sakanatachi","category":["Slice-of-life","Viagem","Vida Familiar","Depressão/Ansiedade"],"gender":["Drama","Romance","Vida Cotidiana"],"targetPublic":["Shōjo","Shounen"],"authorId":"140926143783108610","up":[],"down":[],"__v":0},{"_id":{"$oid":"63471f81b1deb7d78342f6c1"},"name":"Ascendance of a Bookworm","category":["Isekai","Histórico","Superpoderes","Crianças","Vida Familiar","Depressão/Ansiedade","Religião","Política"],"gender":["Comédia","Drama","Fantasia","Psicológico","Romance","Vida Cotidiana"],"targetPublic":["Shōjo","Shounen"],"authorId":"451619591320371213","up":["451619591320371213"],"down":[],"__v":0},{"_id":{"$oid":"63471f8bb1deb7d78342f6ca"},"name":"Kawaii dake ja Nai Shikimori-san","category":["Vida escolar","Vida Familiar"],"gender":["Comédia","Drama","Romance"],"targetPublic":["Shounen","Shōjo"],"authorId":"781137239194468403","up":[],"down":[],"__v":0},{"_id":{"$oid":"6347740873066142e1fc9e07"},"name":"Akame Ga Kill","category":["Artes Marciais","Sobrenatural","Superpoderes","Tortura","Política"],"gender":["Ação","Aventura"],"targetPublic":["Seinen","Shounen"],"authorId":"841392424617377815","up":["369810325022834688","908730565715460187"],"down":[],"__v":0},{"_id":{"$oid":"6347741673066142e1fc9e11"},"name":"Akiba Maid Sensou","category":["Policial/Investigação","Seinen"],"gender":["Ação","Suspense"],"targetPublic":["Lewd#7999 - 140926143783108610"],"authorId":"140926143783108610","up":[],"down":["982072062485073960"],"__v":0},{"_id":{"$oid":"6347741b73066142e1fc9e16"},"name":"Lycoris Recoil","category":["Slice-of-life","Seinen","Shounen"],"gender":["Ação","Comédia","Vida Cotidiana"],"targetPublic":["Lewd#7999 - 140926143783108610"],"authorId":"140926143783108610","up":[],"down":[],"__v":0},{"_id":{"$oid":"634852422a434b745ec0085f"},"name":"Kuro No Shoukanshi","category":["Artes Marciais","Isekai","Sobrenatural","Superpoderes","Shounen","Shōjo"],"gender":["Ação","Aventura"],"targetPublic":["Yuri.#8190 - 841392424617377815"],"authorId":"841392424617377815","up":[],"down":[],"__v":0},{"_id":{"$oid":"634852452a434b745ec00863"},"name":"Jujutsu Kaisen","category":["Artes Marciais","Sobrenatural","Superpoderes","Vida escolar","Shounen"],"gender":["Ação","Aventura"],"targetPublic":["Yuri.#8190 - 841392424617377815"],"authorId":"841392424617377815","up":["140926143783108610","817771733355462689","572922509515554857","909228876247490600"],"down":[],"__v":0},{"_id":{"$oid":"63534e2dcb77a712505c2dcb"},"name":"Chainsaw Man","category":["Bullying","Tortura","Artes Marciais","Sobrenatural","Fuga/Perseguição","Guerra"],"gender":["Psicológico","Ecchi/Hentai","Ação","Aventura","Terror","Supernatural","Mistério","Luta"],"targetPublic":["Seinen"],"authorId":"1020133697418182688","up":["140926143783108610","423594933362884611"],"down":[],"__v":0},{"_id":{"$oid":"63585ea0cb77a712505e5230"},"name":"Fuufu Ijou, Koibito Miman.","category":["Slice-of-life","Harém","Vida escolar","Vida Familiar"],"gender":["Comédia","Drama","Ecchi/Hentai","Romance"],"targetPublic":["Shounen"],"authorId":"140926143783108610","up":[],"down":["451619591320371213"],"__v":0},{"_id":{"$oid":"6375106a4b34dbb6148865d9"},"name":"Romantic Killer","category":["Jogos","Slice-of-life","Vida escolar","Shōjo","Shounen"],"gender":["Comédia","Romance"],"targetPublic":["Lewd#7999 - 140926143783108610"],"authorId":"140926143783108610","up":["140926143783108610"],"down":[],"__v":0},{"_id":{"$oid":"6377cb8f09ad655ffc1efd72"},"name":"Jojo's Bizzare Adventure","category":["Depressão/Ansiedade","Guerra","Política","Shounen"],"gender":["Ação","Luta"],"targetPublic":["Lz.xp7#2159 - 817771733355462689"],"authorId":"817771733355462689","up":[],"down":[],"__v":0},{"_id":{"$oid":"6381474ef4b66d7470bbb766"},"name":"Devil Man Cry Baby","category":["Sobrenatural","Depressão/Ansiedade"],"gender":["Drama","Terror","Psicológico"],"targetPublic":["Seinen"],"authorId":"997888543756140624","up":[],"down":[],"__v":0},{"_id":{"$oid":"63814788f4b66d7470bbb799"},"name":"Neon Genesis Evangelion","category":["Sobrenatural","Depressão/Ansiedade"],"gender":["Drama"],"targetPublic":["Seinen"],"authorId":"997888543756140624","up":[],"down":[],"__v":0},{"_id":{"$oid":"63c6bc58fb5925a1888beaca"},"name":"Kenja no Mago","category":["Isekai","Guerra"],"gender":["Ação","Comédia","Fantasia"],"targetPublic":["Shounen"],"authorId":"369810325022834688","up":["140926143783108610","996549968389222440"],"down":[],"__v":0}]