[{"_id":{"$oid":"63f2e014c47ab1fd7194f06e"},"id":"ST0FYPB","userId":"451619591320371213","guildId":"952214872584749056","RemindMessage":"The Last of Us - Episódio 7","Time":604800000,"snoozed":false,"timeout":false,"isAutomatic":false,"DateNow":1677463216636,"ChannelId":"987419555850760202","Alerted":false,"__v":0},{"_id":{"$oid":"63f539716ab20e00d817361a"},"id":"BFJKYDT","userId":"998640018774032536","guildId":"693919801382535232","RemindMessage":"Daily Disponível","Time":86400000,"snoozed":false,"timeout":false,"isAutomatic":true,"DateNow":1677015409404,"ChannelId":"1001598652378267779","Alerted":false,"__v":0},{"_id":{"$oid":"6400bed60c70c904677f0dd1"},"id":"ROZUAJY","userId":"740651541765292154","guildId":"1076201067198550116","RemindMessage":"Daily Disponível","Time":86400000,"snoozed":false,"timeout":false,"isAutomatic":true,"DateNow":1677770445850,"ChannelId":"1076909262883803136","Alerted":false,"__v":0},{"_id":{"$oid":"6400c2460c70c904677f0e4e"},"id":"8VO3POV","userId":"904891162362519562","guildId":"952214872584749056","RemindMessage":"Daily Disponível","Time":86400000,"snoozed":false,"timeout":false,"isAutomatic":true,"DateNow":1677771334973,"ChannelId":"999862759212732426","Alerted":false,"__v":0},{"_id":{"$oid":"640161120f9efb21d133dd9c"},"id":"TY5LZQE","userId":"607812142090944523","guildId":"934249647332032624","RemindMessage":"Daily Disponível","Time":86400000,"snoozed":false,"timeout":false,"isAutomatic":true,"DateNow":1677811986824,"ChannelId":"1057842917282156554","Alerted":false,"__v":0}]